-- MySQL dump 10.13  Distrib 9.3.0, for macos15.2 (arm64)
--
-- Host: localhost    Database: bingo_ai
-- ------------------------------------------------------
-- Server version	9.3.0

/*!40101 SET @OLD_CHARACTER_SET_CLIENT=@@CHARACTER_SET_CLIENT */;
/*!40101 SET @OLD_CHARACTER_SET_RESULTS=@@CHARACTER_SET_RESULTS */;
/*!40101 SET @OLD_COLLATION_CONNECTION=@@COLLATION_CONNECTION */;
/*!50503 SET NAMES utf8mb4 */;
/*!40103 SET @OLD_TIME_ZONE=@@TIME_ZONE */;
/*!40103 SET TIME_ZONE='+00:00' */;
/*!40014 SET @OLD_UNIQUE_CHECKS=@@UNIQUE_CHECKS, UNIQUE_CHECKS=0 */;
/*!40014 SET @OLD_FOREIGN_KEY_CHECKS=@@FOREIGN_KEY_CHECKS, FOREIGN_KEY_CHECKS=0 */;
/*!40101 SET @OLD_SQL_MODE=@@SQL_MODE, SQL_MODE='NO_AUTO_VALUE_ON_ZERO' */;
/*!40111 SET @OLD_SQL_NOTES=@@SQL_NOTES, SQL_NOTES=0 */;

--
-- Table structure for table `ai_decisions`
--

DROP TABLE IF EXISTS `ai_decisions`;
/*!40101 SET @saved_cs_client     = @@character_set_client */;
/*!50503 SET character_set_client = utf8mb4 */;
CREATE TABLE `ai_decisions` (
  `id` int NOT NULL AUTO_INCREMENT,
  `decision_json` json NOT NULL,
  `created_at` datetime NOT NULL,
  PRIMARY KEY (`id`)
) ENGINE=InnoDB AUTO_INCREMENT=142 DEFAULT CHARSET=utf8mb4 COLLATE=utf8mb4_0900_ai_ci;
/*!40101 SET character_set_client = @saved_cs_client */;

--
-- Dumping data for table `ai_decisions`
--

LOCK TABLES `ai_decisions` WRITE;
/*!40000 ALTER TABLE `ai_decisions` DISABLE KEYS */;
INSERT INTO `ai_decisions` VALUES (1,'{\"reward\": {\"type\": \"learning\", \"coins\": 0}, \"bot_message\": \"Keep up the great work! You\'re doing well!\", \"difficulty_hint\": \"You\'re in the beginner room, which is perfect for learning the basics.\", \"emotional_state\": \"neutral\", \"recommended_room\": \"beginner\", \"should_suggest_break\": false}','2025-12-04 11:04:41'),(2,'{\"reward\": {\"type\": \"learning_points\", \"coins\": 10}, \"bot_message\": \"Keep up the great work! You\'re doing well!\", \"difficulty_hint\": \"Focus on marking off the numbers carefully to improve your chances!\", \"emotional_state\": \"neutral\", \"recommended_room\": \"beginner\", \"should_suggest_break\": false}','2025-12-04 11:16:33'),(3,'{\"reward\": {\"type\": \"learning_points\", \"coins\": 5}, \"bot_message\": \"Great job! Keep up the good work!\", \"difficulty_hint\": \"You\'re doing well in the beginner room. Keep practicing!\", \"emotional_state\": \"curious\", \"recommended_room\": \"beginner\", \"should_suggest_break\": false}','2025-12-04 11:17:04'),(4,'{\"reward\": {\"type\": \"learning_points\", \"coins\": 10}, \"bot_message\": \"Great to see you\'re eager to continue! Dive back in and explore more!\", \"difficulty_hint\": \"Try to engage with new patterns or strategies to enhance your learning!\", \"emotional_state\": \"curious\", \"recommended_room\": \"intermediate\", \"should_suggest_break\": false}','2025-12-04 12:32:34'),(5,'{\"reward\": {\"type\": \"none\", \"coins\": 0}, \"bot_message\": \"You\'re doing great! How about a quick break to recharge?\", \"difficulty_hint\": \"Consider pacing yourself for the best learning experience.\", \"emotional_state\": \"neutral\", \"recommended_room\": \"beginner\", \"should_suggest_break\": true}','2025-12-04 12:35:20'),(6,'{\"reward\": [], \"bot_message\": \"Great draws! Keep up the good work!\", \"difficulty_hint\": \"Pace yourself and enjoy the game!\", \"emotional_state\": \"neutral\", \"recommended_room\": \"beginner\", \"should_suggest_break\": false}','2025-12-04 12:35:33'),(7,'{\"reward\": {\"type\": \"knowledge\", \"coins\": 0}, \"bot_message\": \"You\'re doing great! How about a quick break to refresh your mind?\", \"difficulty_hint\": \"Take your time, learning is the key!\", \"emotional_state\": \"neutral\", \"recommended_room\": \"beginner\", \"should_suggest_break\": true}','2025-12-04 12:35:45'),(8,'{\"reward\": {\"type\": \"participation\", \"coins\": 5}, \"bot_message\": \"Great job staying engaged! Why not take a short break to recharge?\", \"difficulty_hint\": \"Try checking your strategy and pacing for better results!\", \"emotional_state\": \"neutral\", \"recommended_room\": \"intermediate\", \"should_suggest_break\": true}','2025-12-04 12:35:58'),(9,'{\"reward\": {\"type\": \"learning_points\", \"coins\": 5}, \"bot_message\": \"Keep up the great work! You\'re doing fantastic!\", \"difficulty_hint\": \"Consider trying out a few more strategies!\", \"emotional_state\": \"calm\", \"recommended_room\": \"beginner\", \"should_suggest_break\": false}','2025-12-04 12:36:11'),(10,'{\"reward\": {\"type\": \"learning_points\", \"coins\": 5}, \"bot_message\": \"Great job drawing your cards! How about a short break to refresh your mind?\", \"difficulty_hint\": \"Try taking your time with your next moves!\", \"emotional_state\": \"neutral\", \"recommended_room\": \"beginner\", \"should_suggest_break\": true}','2025-12-04 12:36:25'),(11,'{\"reward\": {\"type\": \"none\", \"coins\": 0}, \"bot_message\": \"You\'ve been playing for a while! How about a quick break?\", \"difficulty_hint\": \"Consider trying earlier levels to refresh your strategy!\", \"emotional_state\": \"neutral\", \"recommended_room\": \"beginner\", \"should_suggest_break\": true}','2025-12-04 12:36:37'),(12,'{\"reward\": {\"type\": \"learning_point\", \"coins\": 10}, \"bot_message\": \"You\'ve been playing for a while! How about a quick break to recharge?\", \"difficulty_hint\": \"Keep an eye on your pace, it\'s great to take breaks!\", \"emotional_state\": \"neutral\", \"recommended_room\": \"intermediate\", \"should_suggest_break\": true}','2025-12-04 12:36:51'),(13,'{\"reward\": {\"type\": \"none\", \"coins\": 0}, \"bot_message\": \"You\'ve been playing for a while! How about a quick break to recharge?\", \"difficulty_hint\": \"Focus on learning the patterns; take your time!\", \"emotional_state\": \"neutral\", \"recommended_room\": \"beginner\", \"should_suggest_break\": true}','2025-12-04 12:37:04'),(14,'{\"reward\": {\"type\": \"learning_points\", \"coins\": 0}, \"bot_message\": \"You\'ve been playing for a while! How about a short break?\", \"difficulty_hint\": \"Try taking your time and savoring the learning moments!\", \"emotional_state\": \"neutral\", \"recommended_room\": \"beginner\", \"should_suggest_break\": true}','2025-12-04 12:37:17'),(15,'{\"reward\": {\"type\": \"knowledge\", \"coins\": 0}, \"bot_message\": \"You\'ve been playing for a while! How about a quick break to refresh your mind?\", \"difficulty_hint\": \"Try to focus on one room at a time for better learning!\", \"emotional_state\": \"neutral\", \"recommended_room\": \"beginner\", \"should_suggest_break\": true}','2025-12-04 12:37:29'),(16,'{\"reward\": {\"type\": \"learning_points\", \"coins\": 5}, \"bot_message\": \"Nice draws! How about a quick break to refresh before continuing?\", \"difficulty_hint\": \"Try focusing on patterns in the numbers!\", \"emotional_state\": \"neutral\", \"recommended_room\": \"beginner\", \"should_suggest_break\": true}','2025-12-04 12:37:43'),(17,'{\"reward\": {\"type\": \"learning_tokens\", \"coins\": 5}, \"bot_message\": \"You\'ve been playing for a while! How about a quick break?\", \"difficulty_hint\": \"Try taking a moment to refresh your mind!\", \"emotional_state\": \"neutral\", \"recommended_room\": \"beginner\", \"should_suggest_break\": true}','2025-12-04 12:37:56'),(18,'{\"reward\": {\"type\": \"none\", \"coins\": 0}, \"bot_message\": \"You\'re doing great! How about a quick break to refresh before diving back in?\", \"difficulty_hint\": \"Consider trying out some new strategies!\", \"emotional_state\": \"neutral\", \"recommended_room\": \"intermediate\", \"should_suggest_break\": true}','2025-12-04 12:38:08'),(19,'{\"reward\": {\"type\": \"learning_points\", \"coins\": 5}, \"bot_message\": \"You\'ve been playing for a while! How about a quick break to refresh?\", \"difficulty_hint\": \"Try focusing on your strategies for better outcomes!\", \"emotional_state\": \"neutral\", \"recommended_room\": \"beginner\", \"should_suggest_break\": true}','2025-12-04 12:38:21'),(20,'{\"reward\": {\"type\": \"learning_points\", \"coins\": 0}, \"bot_message\": \"You\'re doing great! How about a quick break to recharge?\", \"difficulty_hint\": \"Try focusing on patterns to improve your strategy.\", \"emotional_state\": \"neutral\", \"recommended_room\": \"intermediate\", \"should_suggest_break\": true}','2025-12-04 12:38:34'),(21,'{\"reward\": {\"type\": \"learning_points\", \"coins\": 10}, \"bot_message\": \"Great job on your progress! How about a quick break to recharge?\", \"difficulty_hint\": \"Consider focusing on the basics to strengthen your skills.\", \"emotional_state\": \"neutral\", \"recommended_room\": \"beginner\", \"should_suggest_break\": true}','2025-12-04 12:38:46'),(22,'{\"reward\": {\"type\": \"encouragement\", \"coins\": 0}, \"bot_message\": \"Great job keeping up! Consider taking a short break to refresh your mind.\", \"difficulty_hint\": \"Try focusing on patterns for better strategies!\", \"emotional_state\": \"neutral\", \"recommended_room\": \"beginner\", \"should_suggest_break\": true}','2025-12-04 12:39:00'),(23,'{\"reward\": {\"type\": \"encouragement\", \"coins\": 0}, \"bot_message\": \"Great job! How about a short break to recharge?\", \"difficulty_hint\": \"Consider taking it slow; you\'ll learn more!\", \"emotional_state\": \"neutral\", \"recommended_room\": \"beginner\", \"should_suggest_break\": true}','2025-12-04 12:39:14'),(24,'{\"reward\": {\"type\": \"learning_points\", \"coins\": 10}, \"bot_message\": \"You\'re doing great! How about a short break to recharge?\", \"difficulty_hint\": \"Focus on the patterns, they can help you spot your next move!\", \"emotional_state\": \"neutral\", \"recommended_room\": \"beginner\", \"should_suggest_break\": true}','2025-12-04 12:39:27'),(25,'{\"reward\": {\"type\": \"encouragement\", \"coins\": 0}, \"bot_message\": \"It looks like you could use a break! Refresh yourself and come back stronger!\", \"difficulty_hint\": \"Try starting with beginner levels for a smoother experience!\", \"emotional_state\": \"frustration\", \"recommended_room\": \"beginner\", \"should_suggest_break\": true}','2025-12-04 12:39:40'),(26,'{\"reward\": {\"type\": \"experience\", \"coins\": 0}, \"bot_message\": \"Great job drawing cards! How about a quick break to refresh your mind?\", \"difficulty_hint\": \"Try to pace your draws for better focus!\", \"emotional_state\": \"neutral\", \"recommended_room\": \"beginner\", \"should_suggest_break\": true}','2025-12-04 12:39:53'),(27,'{\"reward\": {\"type\": \"none\", \"coins\": 0}, \"bot_message\": \"It looks like you\'re feeling a bit stuck! How about taking a short break to refresh your mind?\", \"difficulty_hint\": \"Try pacing yourself and focus on learning the game mechanics.\", \"emotional_state\": \"frustrated\", \"recommended_room\": \"beginner\", \"should_suggest_break\": true}','2025-12-04 12:40:06'),(28,'{\"reward\": {\"type\": \"encouragement\", \"coins\": 0}, \"bot_message\": \"You\'ve been playing for a while! How about a short break to refresh your mind?\", \"difficulty_hint\": \"Try focusing on patterns in the numbers drawn!\", \"emotional_state\": \"slightly frustrated\", \"recommended_room\": \"beginner\", \"should_suggest_break\": true}','2025-12-04 12:40:19'),(29,'{\"reward\": {\"type\": \"learning_tips\", \"coins\": 0}, \"bot_message\": \"You\'ve been playing for a while! How about a quick break?\", \"difficulty_hint\": \"Try to keep a steady pace, learning is the goal!\", \"emotional_state\": \"neutral\", \"recommended_room\": \"beginner\", \"should_suggest_break\": true}','2025-12-04 12:40:31'),(30,'{\"reward\": {\"type\": \"none\", \"coins\": 0}, \"bot_message\": \"It looks like you might need a little break! Let\'s recharge and come back stronger!\", \"difficulty_hint\": \"Try focusing on one room at a time to improve your strategy.\", \"emotional_state\": \"frustration\", \"recommended_room\": \"beginner\", \"should_suggest_break\": true}','2025-12-04 12:40:44'),(31,'{\"reward\": {\"type\": \"learning_point\", \"coins\": 5}, \"bot_message\": \"You\'ve been playing for a while! How about a short break?\", \"difficulty_hint\": \"Try to focus on marking your cards wisely!\", \"emotional_state\": \"neutral\", \"recommended_room\": \"beginner\", \"should_suggest_break\": true}','2025-12-04 12:40:56'),(32,'{\"reward\": {\"type\": \"none\", \"coins\": 0}, \"bot_message\": \"You\'ve been playing for a while! How about a quick break?\", \"difficulty_hint\": \"Remember to pace yourself and enjoy the learning process!\", \"emotional_state\": \"neutral\", \"recommended_room\": \"beginner\", \"should_suggest_break\": true}','2025-12-04 12:41:09'),(33,'{\"reward\": {\"type\": \"none\", \"coins\": 0}, \"bot_message\": \"You\'re doing great! How about a short break to recharge?\", \"difficulty_hint\": \"Try focusing on patterns to sharpen your skills.\", \"emotional_state\": \"neutral\", \"recommended_room\": \"beginner\", \"should_suggest_break\": true}','2025-12-04 12:41:21'),(34,'{\"reward\": {\"type\": \"encouragement\", \"coins\": 0}, \"bot_message\": \"You\'ve been playing for a while! How about taking a short break?\", \"difficulty_hint\": \"Try focusing on one number at a time to enhance your learning!\", \"emotional_state\": \"neutral\", \"recommended_room\": \"beginner\", \"should_suggest_break\": true}','2025-12-04 12:41:34'),(35,'{\"reward\": {\"type\": \"learning_points\", \"coins\": 5}, \"bot_message\": \"It looks like you could use a quick break! Refresh and come back stronger!\", \"difficulty_hint\": \"Try starting with easier patterns for more success!\", \"emotional_state\": \"frustrated\", \"recommended_room\": \"beginner\", \"should_suggest_break\": true}','2025-12-04 12:41:46'),(36,'{\"reward\": {\"type\": \"learning_coins\", \"coins\": 0}, \"bot_message\": \"It seems like you\'re feeling a bit stuck. How about taking a short break? You got this!\", \"difficulty_hint\": \"Try focusing on one number at a time for better pacing.\", \"emotional_state\": \"frustration\", \"recommended_room\": \"beginner\", \"should_suggest_break\": true}','2025-12-04 12:41:59'),(37,'{\"reward\": {\"type\": \"none\", \"coins\": 0}, \"bot_message\": \"You\'ve been playing for a while! How about a short break to refresh?\", \"difficulty_hint\": \"Consider pacing yourself for better focus.\", \"emotional_state\": \"neutral\", \"recommended_room\": \"beginner\", \"should_suggest_break\": true}','2025-12-04 12:42:12'),(38,'{\"reward\": {\"type\": \"learning_points\", \"coins\": 5}, \"bot_message\": \"Great job drawing! Remember to take a short break to refresh your mind.\", \"difficulty_hint\": \"Try focusing on patterns to improve your chances!\", \"emotional_state\": \"neutral\", \"recommended_room\": \"intermediate\", \"should_suggest_break\": true}','2025-12-04 12:42:24'),(39,'{\"reward\": {\"type\": \"learning_experience\", \"coins\": 0}, \"bot_message\": \"You\'re doing great! How about a quick break to recharge?\", \"difficulty_hint\": \"Focus on strategies to improve your gameplay!\", \"emotional_state\": \"neutral\", \"recommended_room\": \"beginner\", \"should_suggest_break\": true}','2025-12-04 12:42:38'),(40,'{\"reward\": {\"type\": \"none\", \"coins\": 0}, \"bot_message\": \"It looks like things haven\'t gone your way yet—why not take a short break and come back refreshed?\", \"difficulty_hint\": \"Try focusing on the patterns to boost your chances!\", \"emotional_state\": \"frustration\", \"recommended_room\": \"beginner\", \"should_suggest_break\": true}','2025-12-04 12:42:50'),(41,'{\"reward\": {\"type\": \"learning_points\", \"coins\": 10}, \"bot_message\": \"You\'ve been playing for a while! How about a quick break?\", \"difficulty_hint\": \"Try focusing on patterns in your draws!\", \"emotional_state\": \"neutral\", \"recommended_room\": \"intermediate\", \"should_suggest_break\": true}','2025-12-04 12:43:02'),(42,'{\"reward\": {\"type\": \"learning_points\", \"coins\": 10}, \"bot_message\": \"It seems like you\'re feeling a bit frustrated—let\'s take a short break! You got this!\", \"difficulty_hint\": \"Consider trying the beginner room for a more relaxed pace!\", \"emotional_state\": \"frustration\", \"recommended_room\": \"beginner\", \"should_suggest_break\": true}','2025-12-04 12:43:15'),(43,'{\"reward\": {\"type\": \"learning_points\", \"coins\": 0}, \"bot_message\": \"You\'ve been playing for a while! How about a short break to recharge?\", \"difficulty_hint\": \"Try focusing on pattern recognition to improve your game!\", \"emotional_state\": \"neutral\", \"recommended_room\": \"beginner\", \"should_suggest_break\": true}','2025-12-04 12:43:27'),(44,'{\"reward\": {\"type\": \"none\", \"coins\": 0}, \"bot_message\": \"You\'ve been playing for a while! How about a short break?\", \"difficulty_hint\": \"Try taking a moment to relax before jumping back in!\", \"emotional_state\": \"neutral\", \"recommended_room\": \"beginner\", \"should_suggest_break\": true}','2025-12-04 12:43:41'),(45,'{\"reward\": {\"type\": \"none\", \"coins\": 0}, \"bot_message\": \"You\'ve been playing for a while! How about a short break to recharge?\", \"difficulty_hint\": \"Try focusing on patterns for a better game strategy!\", \"emotional_state\": \"neutral\", \"recommended_room\": \"intermediate\", \"should_suggest_break\": true}','2025-12-04 12:43:54'),(46,'{\"reward\": {\"type\": \"none\", \"coins\": 0}, \"bot_message\": \"You\'ve been going for a while! How about a short break?\", \"difficulty_hint\": \"Consider exploring strategies to improve your gameplay.\", \"emotional_state\": \"neutral\", \"recommended_room\": \"intermediate\", \"should_suggest_break\": true}','2025-12-04 12:44:06'),(47,'{\"reward\": {\"type\": \"learning_coins\", \"coins\": 10}, \"bot_message\": \"You\'ve been playing for a while! How about a short break?\", \"difficulty_hint\": \"Try to watch for patterns in the draws!\", \"emotional_state\": \"neutral\", \"recommended_room\": \"beginner\", \"should_suggest_break\": true}','2025-12-04 12:44:18'),(48,'{\"reward\": {\"type\": \"learning_points\", \"coins\": 0}, \"bot_message\": \"You\'ve been playing for a while! How about a quick break?\", \"difficulty_hint\": \"Consider focusing on patterns to enhance your strategy!\", \"emotional_state\": \"neutral\", \"recommended_room\": \"beginner\", \"should_suggest_break\": true}','2025-12-04 12:52:23'),(49,'{\"reward\": {\"type\": \"learning_points\", \"coins\": 5}, \"bot_message\": \"You\'ve been playing for a while! How about a short break to recharge?\", \"difficulty_hint\": \"Try focusing on patterns and strategies to improve your game!\", \"emotional_state\": \"neutral\", \"recommended_room\": \"beginner\", \"should_suggest_break\": true}','2025-12-04 12:52:37'),(50,'{\"reward\": {\"type\": \"learning_resources\", \"coins\": 5}, \"bot_message\": \"You\'ve been playing for a while! How about a quick break to refresh? 😊\", \"difficulty_hint\": \"Try focusing on patterns to increase your chances!\", \"emotional_state\": \"neutral\", \"recommended_room\": \"intermediate\", \"should_suggest_break\": true}','2025-12-04 12:52:49'),(51,'{\"reward\": {\"type\": \"none\", \"coins\": 0}, \"bot_message\": \"It looks like you might need a little break! Take a moment and refresh yourself.\", \"difficulty_hint\": \"Try starting in a beginner room to build confidence.\", \"emotional_state\": \"frustrated\", \"recommended_room\": \"beginner\", \"should_suggest_break\": true}','2025-12-04 12:53:06'),(52,'{\"reward\": {\"type\": \"experience\", \"coins\": 0}, \"bot_message\": \"Great job! You\'ve been at it for a while. How about a short break?\", \"difficulty_hint\": \"Consider trying different strategies or rooms to mix things up!\", \"emotional_state\": \"neutral\", \"recommended_room\": \"beginner\", \"should_suggest_break\": true}','2025-12-04 13:33:16'),(53,'{\"reward\": {\"type\": \"none\", \"coins\": 0}, \"bot_message\": \"You\'ve been playing for a while! How about a quick break?\", \"difficulty_hint\": \"Focus on understanding the patterns; it can really help!\", \"emotional_state\": \"neutral\", \"recommended_room\": \"beginner\", \"should_suggest_break\": true}','2025-12-04 13:33:29'),(54,'{\"reward\": {\"type\": \"none\", \"coins\": 0}, \"bot_message\": \"It looks like you\'re feeling a bit stuck. How about taking a short break?\", \"difficulty_hint\": \"Consider pacing yourself and trying again in a bit!\", \"emotional_state\": \"frustrated\", \"recommended_room\": \"beginner\", \"should_suggest_break\": true}','2025-12-04 13:35:38'),(55,'{\"reward\": {\"type\": \"learning_points\", \"coins\": 0}, \"bot_message\": \"You\'ve been playing for a while! How about a quick break?\", \"difficulty_hint\": \"Try to pace yourself and enjoy the learning journey!\", \"emotional_state\": \"neutral\", \"recommended_room\": \"beginner\", \"should_suggest_break\": true}','2025-12-04 13:35:56'),(56,'{\"reward\": {\"type\": \"learning_point\", \"coins\": 10}, \"bot_message\": \"It seems like you\'re feeling a bit stuck. How about a short break to refresh your mind?\", \"difficulty_hint\": \"Try focusing on patterns or strategies to improve your chances!\", \"emotional_state\": \"frustration\", \"recommended_room\": \"beginner\", \"should_suggest_break\": true}','2025-12-04 13:36:11'),(57,'{\"reward\": {\"type\": \"learning_point\", \"coins\": 0}, \"bot_message\": \"It seems like you\'re feeling a bit frustrated—how about taking a short break?\", \"difficulty_hint\": \"Try focusing on the patterns in your draws for better insights!\", \"emotional_state\": \"frustration\", \"recommended_room\": \"beginner\", \"should_suggest_break\": true}','2025-12-04 13:38:01'),(58,'{\"reward\": {\"type\": \"learning_points\", \"coins\": 10}, \"bot_message\": \"You\'ve been playing for a while! How about a quick break to refresh?\", \"difficulty_hint\": \"Try taking a moment to strategize your next moves!\", \"emotional_state\": \"neutral\", \"recommended_room\": \"beginner\", \"should_suggest_break\": true}','2025-12-04 13:38:16'),(59,'{\"reward\": {\"type\": \"learning_points\", \"coins\": 10}, \"bot_message\": \"You\'ve been playing for a while! How about a short break?\", \"difficulty_hint\": \"Consider reviewing some strategies before diving back in!\", \"emotional_state\": \"neutral\", \"recommended_room\": \"beginner\", \"should_suggest_break\": true}','2025-12-04 13:38:28'),(60,'{\"reward\": {\"type\": \"learning_points\", \"coins\": 100}, \"bot_message\": \"It looks like you could use a short break! Take a moment to relax, and then let\'s jump back in.\", \"difficulty_hint\": \"Consider starting in a beginner room for a smoother experience.\", \"emotional_state\": \"frustration\", \"recommended_room\": \"beginner\", \"should_suggest_break\": true}','2025-12-04 13:43:12'),(61,'{\"reward\": {\"type\": \"coins\", \"coins\": 0}, \"bot_message\": \"It seems like the draws are getting tough! How about taking a short break?\", \"difficulty_hint\": \"Try to focus on patterns and take your time with each draw.\", \"emotional_state\": \"frustrated\", \"recommended_room\": \"beginner\", \"should_suggest_break\": true}','2025-12-04 13:43:25'),(62,'{\"reward\": {\"type\": \"none\", \"coins\": 0}, \"bot_message\": \"You\'ve been playing for a while! How about a quick break?\", \"difficulty_hint\": \"Try focusing on patterns to improve your game!\", \"emotional_state\": \"neutral\", \"recommended_room\": \"beginner\", \"should_suggest_break\": true}','2025-12-04 13:43:37'),(63,'{\"reward\": {\"type\": \"learning_points\", \"coins\": 10}, \"bot_message\": \"It looks like you\'re feeling a bit frustrated. How about a quick break?\", \"difficulty_hint\": \"Consider pacing yourself with the draws for better focus!\", \"emotional_state\": \"frustration\", \"recommended_room\": \"intermediate\", \"should_suggest_break\": true}','2025-12-04 13:43:50'),(64,'{\"reward\": {\"type\": \"learning_points\", \"coins\": 0}, \"bot_message\": \"It looks like you\'re feeling a bit frustrated. Why not take a quick break?\", \"difficulty_hint\": \"Consider trying some beginner strategies.\", \"emotional_state\": \"frustration\", \"recommended_room\": \"beginner\", \"should_suggest_break\": true}','2025-12-04 13:44:02'),(65,'{\"reward\": {\"type\": \"learning_points\", \"coins\": 5}, \"bot_message\": \"Nice job on the draws! How about taking a short break to recharge?\", \"difficulty_hint\": \"Try focusing on patterns in your draws for better outcomes!\", \"emotional_state\": \"neutral\", \"recommended_room\": \"beginner\", \"should_suggest_break\": true}','2025-12-04 13:44:15'),(66,'{\"reward\": {\"type\": \"none\", \"coins\": 0}, \"bot_message\": \"You\'ve been playing for a while! How about a quick break?\", \"difficulty_hint\": \"Take your time to enjoy the game and learn!\", \"emotional_state\": \"neutral\", \"recommended_room\": \"beginner\", \"should_suggest_break\": true}','2025-12-04 13:44:28'),(67,'{\"reward\": {\"type\": \"learning_points\", \"coins\": 10}, \"bot_message\": \"Great job staying engaged! How about a short break to recharge?\", \"difficulty_hint\": \"Focus on patterns in the draws to improve your strategy!\", \"emotional_state\": \"neutral\", \"recommended_room\": \"beginner\", \"should_suggest_break\": true}','2025-12-04 13:44:41'),(68,'{\"reward\": {\"type\": \"none\", \"coins\": 0}, \"bot_message\": \"You\'ve been playing for a while! How about a short break to recharge?\", \"difficulty_hint\": \"Consider trying a new beginner room for a fresh experience!\", \"emotional_state\": \"neutral\", \"recommended_room\": \"beginner\", \"should_suggest_break\": true}','2025-12-04 13:44:54'),(69,'{\"reward\": {\"type\": \"learning_points\", \"coins\": 5}, \"bot_message\": \"You\'ve been playing for a while! Consider taking a short break to refresh your mind.\", \"difficulty_hint\": \"Try focusing on patterns to improve your game!\", \"emotional_state\": \"neutral\", \"recommended_room\": \"beginner\", \"should_suggest_break\": true}','2025-12-04 13:45:06'),(70,'{\"reward\": {\"type\": \"learning_points\", \"coins\": 5}, \"bot_message\": \"Great job! Take a short break to recharge and come back refreshed!\", \"difficulty_hint\": \"Try out simpler patterns to gain confidence.\", \"emotional_state\": \"engaged\", \"recommended_room\": \"beginner\", \"should_suggest_break\": true}','2025-12-04 13:45:19'),(71,'{\"reward\": {\"type\": \"learning_points\", \"coins\": 10}, \"bot_message\": \"Hey there! It might be a good time for a short break. You\'ve been going for a while!\", \"difficulty_hint\": \"Try focusing on the patterns you’ve seen so far.\", \"emotional_state\": \"frustration\", \"recommended_room\": \"beginner\", \"should_suggest_break\": true}','2025-12-04 13:45:32'),(72,'{\"reward\": {\"type\": \"none\", \"coins\": 0}, \"bot_message\": \"You\'ve been playing for a while! How about a quick break?\", \"difficulty_hint\": \"Consider trying a beginner room for a more relaxed experience!\", \"emotional_state\": \"neutral\", \"recommended_room\": \"beginner\", \"should_suggest_break\": true}','2025-12-04 13:45:45'),(73,'{\"reward\": {\"type\": \"learning_points\", \"coins\": 100}, \"bot_message\": \"Great job on playing! How about a short break to refresh your mind?\", \"difficulty_hint\": \"Try exploring the beginner room for more relaxed gameplay!\", \"emotional_state\": \"neutral\", \"recommended_room\": \"beginner\", \"should_suggest_break\": true}','2025-12-04 13:45:58'),(74,'{\"reward\": {\"type\": \"none\", \"coins\": 0}, \"bot_message\": \"You\'ve been playing for a while! How about a quick break to recharge?\", \"difficulty_hint\": \"Consider pacing your games to enhance your learning!\", \"emotional_state\": \"neutral\", \"recommended_room\": \"beginner\", \"should_suggest_break\": true}','2025-12-04 13:46:11'),(75,'{\"reward\": {\"type\": \"learning_tips\", \"coins\": 0}, \"bot_message\": \"It looks like you\'re feeling a bit stuck. How about a short break to recharge?\", \"difficulty_hint\": \"Try focusing on strategies for marking your cards!\", \"emotional_state\": \"frustration\", \"recommended_room\": \"beginner\", \"should_suggest_break\": true}','2025-12-04 13:46:24'),(76,'{\"reward\": {\"type\": \"learning_points\", \"coins\": 5}, \"bot_message\": \"Great job! You\'ve been playing for a while. How about a short break?\", \"difficulty_hint\": \"Try mixing in some strategy to enhance your learning!\", \"emotional_state\": \"neutral\", \"recommended_room\": \"intermediate\", \"should_suggest_break\": true}','2025-12-04 13:46:36'),(77,'{\"reward\": {\"type\": \"learning_points\", \"coins\": 10}, \"bot_message\": \"You\'ve been playing for a while! How about a quick break?\", \"difficulty_hint\": \"Focus on the patterns; they can help you improve!\", \"emotional_state\": \"neutral\", \"recommended_room\": \"beginner\", \"should_suggest_break\": true}','2025-12-04 13:46:49'),(78,'{\"reward\": {\"type\": \"learning_points\", \"coins\": 10}, \"bot_message\": \"You\'ve been playing for a while! How about a quick break?\", \"difficulty_hint\": \"Consider reviewing strategies before jumping back in!\", \"emotional_state\": \"neutral\", \"recommended_room\": \"beginner\", \"should_suggest_break\": true}','2025-12-04 13:47:10'),(79,'{\"reward\": {\"type\": \"learning_points\", \"coins\": 0}, \"bot_message\": \"It looks like you\'re feeling a bit stuck. How about a short break?\", \"difficulty_hint\": \"Try focusing on your strategy and pacing!\", \"emotional_state\": \"frustrated\", \"recommended_room\": \"beginner\", \"should_suggest_break\": true}','2025-12-04 13:47:23'),(80,'{\"reward\": {\"type\": \"learning_points\", \"coins\": 0}, \"bot_message\": \"It looks like you’ve been at this for a while! How about a short break?\", \"difficulty_hint\": \"Consider trying a beginner room to enhance your learning experience!\", \"emotional_state\": \"frustrated\", \"recommended_room\": \"beginner\", \"should_suggest_break\": true}','2025-12-04 13:47:35'),(81,'{\"reward\": {\"type\": \"experience\", \"coins\": 10}, \"bot_message\": \"You\'ve been playing for a while! How about a quick break?\", \"difficulty_hint\": \"Try experimenting with different strategies!\", \"emotional_state\": \"neutral\", \"recommended_room\": \"beginner\", \"should_suggest_break\": true}','2025-12-04 13:47:48'),(82,'{\"reward\": {\"type\": \"learning_point\", \"coins\": 10}, \"bot_message\": \"It looks like it\'s been a long session! How about taking a short break?\", \"difficulty_hint\": \"Try focusing on the patterns in the draws to improve your strategy!\", \"emotional_state\": \"frustrated\", \"recommended_room\": \"beginner\", \"should_suggest_break\": true}','2025-12-04 13:48:01'),(83,'{\"reward\": {\"type\": \"learning_points\", \"coins\": 0}, \"bot_message\": \"You\'re doing great! How about a short break to recharge?\", \"difficulty_hint\": \"Focus on taking your time with each draw for better outcomes!\", \"emotional_state\": \"neutral\", \"recommended_room\": \"beginner\", \"should_suggest_break\": true}','2025-12-04 13:48:14'),(84,'{\"reward\": {\"type\": \"none\", \"coins\": 0}, \"bot_message\": \"It looks like you could use a break! Step away for a few minutes and come back refreshed.\", \"difficulty_hint\": \"Try focusing on fewer cards to manage your pace.\", \"emotional_state\": \"frustrated\", \"recommended_room\": \"beginner\", \"should_suggest_break\": true}','2025-12-04 13:48:27'),(85,'{\"reward\": {\"type\": \"none\", \"coins\": 0}, \"bot_message\": \"It seems like you\'re feeling a bit stuck. How about taking a short break?\", \"difficulty_hint\": \"Try focusing on one card at a time to improve your chances!\", \"emotional_state\": \"frustration\", \"recommended_room\": \"beginner\", \"should_suggest_break\": true}','2025-12-04 13:48:40'),(86,'{\"reward\": {\"type\": \"learning_points\", \"coins\": 10}, \"bot_message\": \"It looks like it\'s been a long session! How about a short break to recharge?\", \"difficulty_hint\": \"Try focusing on patterns instead of individual numbers.\", \"emotional_state\": \"frustration\", \"recommended_room\": \"beginner\", \"should_suggest_break\": true}','2025-12-04 13:48:53'),(87,'{\"reward\": {\"type\": \"learning_points\", \"coins\": 0}, \"bot_message\": \"You\'ve been playing for a while! How about a quick break to recharge?\", \"difficulty_hint\": \"Consider pacing your game for better focus!\", \"emotional_state\": \"neutral\", \"recommended_room\": \"beginner\", \"should_suggest_break\": true}','2025-12-04 13:49:06'),(88,'{\"reward\": {\"type\": \"none\", \"coins\": 0}, \"bot_message\": \"You\'ve been playing for a while! How about a short break?\", \"difficulty_hint\": \"Remember to take it slow and enjoy each round!\", \"emotional_state\": \"neutral\", \"recommended_room\": \"beginner\", \"should_suggest_break\": true}','2025-12-04 13:49:19'),(89,'{\"reward\": {\"type\": \"encouragement\", \"coins\": 0}, \"bot_message\": \"You\'ve been playing for a while! How about taking a short break?\", \"difficulty_hint\": \"Consider trying the beginner room for a change of pace.\", \"emotional_state\": \"neutral\", \"recommended_room\": \"beginner\", \"should_suggest_break\": true}','2025-12-04 13:49:32'),(90,'{\"reward\": {\"type\": \"learning_points\", \"coins\": 5}, \"bot_message\": \"It looks like you could use a break! Let\'s recharge and come back fresh!\", \"difficulty_hint\": \"Consider starting in a beginner room to build your confidence.\", \"emotional_state\": \"frustration\", \"recommended_room\": \"beginner\", \"should_suggest_break\": true}','2025-12-04 13:49:44'),(91,'{\"reward\": {\"type\": \"experience\", \"coins\": 0}, \"bot_message\": \"You\'ve been playing for a while! How about a short break?\", \"difficulty_hint\": \"Try starting in the beginner room for some practice!\", \"emotional_state\": \"neutral\", \"recommended_room\": \"beginner\", \"should_suggest_break\": true}','2025-12-04 13:49:57'),(92,'{\"reward\": {\"type\": \"none\", \"coins\": 0}, \"bot_message\": \"You\'ve been playing for a while! How about a quick break to refresh your mind?\", \"difficulty_hint\": \"Consider trying out the beginner room for a more relaxed pace.\", \"emotional_state\": \"frustrated\", \"recommended_room\": \"beginner\", \"should_suggest_break\": true}','2025-12-04 13:50:09'),(93,'{\"reward\": {\"type\": \"learning_points\", \"coins\": 5}, \"bot_message\": \"It looks like you\'ve been playing for a while! How about a quick break?\", \"difficulty_hint\": \"Remember to take your time and enjoy the learning process!\", \"emotional_state\": \"frustrated\", \"recommended_room\": \"beginner\", \"should_suggest_break\": true}','2025-12-04 13:50:22'),(94,'{\"reward\": {\"type\": \"none\", \"coins\": 0}, \"bot_message\": \"It looks like you’ve been playing for a while! How about a short break to refresh your mind?\", \"difficulty_hint\": \"Challenge yourself with some new strategies for the next round!\", \"emotional_state\": \"frustrated\", \"recommended_room\": \"intermediate\", \"should_suggest_break\": true}','2025-12-04 13:50:35'),(95,'{\"reward\": {\"type\": \"learning_points\", \"coins\": 50}, \"bot_message\": \"You\'ve been playing for a while! How about a short break?\", \"difficulty_hint\": \"Try focusing on one room at a time for better learning!\", \"emotional_state\": \"neutral\", \"recommended_room\": \"beginner\", \"should_suggest_break\": true}','2025-12-04 13:50:48'),(96,'{\"reward\": {\"type\": \"experience_points\", \"coins\": 10}, \"bot_message\": \"You\'ve been playing for a while! How about a short break?\", \"difficulty_hint\": \"Try focusing on one room at a time to improve your skills!\", \"emotional_state\": \"neutral\", \"recommended_room\": \"beginner\", \"should_suggest_break\": true}','2025-12-04 13:51:02'),(97,'{\"reward\": {\"type\": \"none\", \"coins\": 0}, \"bot_message\": \"It looks like you\'re feeling a bit frustrated. How about a short break to recharge?\", \"difficulty_hint\": \"Try focusing on fewer cards to manage the pace!\", \"emotional_state\": \"frustration\", \"recommended_room\": \"beginner\", \"should_suggest_break\": true}','2025-12-04 13:51:15'),(98,'{\"reward\": {\"type\": \"none\", \"coins\": 0}, \"bot_message\": \"You\'re doing great! How about a short break to recharge?\", \"difficulty_hint\": \"Consider exploring new strategies in the beginner room!\", \"emotional_state\": \"neutral\", \"recommended_room\": \"beginner\", \"should_suggest_break\": true}','2025-12-04 13:51:28'),(99,'{\"reward\": {\"type\": \"learning_points\", \"coins\": 10}, \"bot_message\": \"Great job keeping up with the draws! Time for a short break to recharge.\", \"difficulty_hint\": \"Consider reviewing some strategies in the beginner room for more tips!\", \"emotional_state\": \"neutral\", \"recommended_room\": \"beginner\", \"should_suggest_break\": true}','2025-12-04 13:51:41'),(100,'{\"reward\": {\"type\": \"none\", \"coins\": 0}, \"bot_message\": \"It looks like you\'re getting a bit frustrated. How about taking a short break?\", \"difficulty_hint\": \"Try focusing on patterns or take a moment to relax!\", \"emotional_state\": \"frustration\", \"recommended_room\": \"beginner\", \"should_suggest_break\": true}','2025-12-04 13:51:53'),(101,'{\"reward\": {\"type\": \"learning_points\", \"coins\": 5}, \"bot_message\": \"You\'ve been playing for a while! How about a quick break?\", \"difficulty_hint\": \"Focus on spotting patterns in the draws!\", \"emotional_state\": \"neutral\", \"recommended_room\": \"beginner\", \"should_suggest_break\": true}','2025-12-04 13:52:05'),(102,'{\"reward\": {\"type\": \"encouragement\", \"coins\": 0}, \"bot_message\": \"It looks like it\'s been a while! Why not take a short break and refresh?\", \"difficulty_hint\": \"Consider trying a beginner room for a more relaxed pace.\", \"emotional_state\": \"frustration\", \"recommended_room\": \"beginner\", \"should_suggest_break\": true}','2025-12-04 13:52:18'),(103,'{\"reward\": {\"type\": \"knowledge\", \"coins\": 0}, \"bot_message\": \"Looks like it\'s been a while! How about a short break to refresh your mind?\", \"difficulty_hint\": \"Consider starting with some simpler games to build confidence.\", \"emotional_state\": \"frustration\", \"recommended_room\": \"beginner\", \"should_suggest_break\": true}','2025-12-04 13:52:32'),(104,'{\"reward\": {\"type\": \"learning_points\", \"coins\": 10}, \"bot_message\": \"It looks like you need a quick break! Let\'s recharge and come back with fresh eyes!\", \"difficulty_hint\": \"Try focusing on patterns or use hints if you feel stuck!\", \"emotional_state\": \"frustrated\", \"recommended_room\": \"beginner\", \"should_suggest_break\": true}','2025-12-04 13:52:45'),(105,'{\"reward\": {\"type\": \"learning_points\", \"coins\": 10}, \"bot_message\": \"You\'ve been playing for a while! How about a short break?\", \"difficulty_hint\": \"Take your time and enjoy the learning process!\", \"emotional_state\": \"neutral\", \"recommended_room\": \"beginner\", \"should_suggest_break\": true}','2025-12-04 13:52:58'),(106,'{\"reward\": {\"type\": \"none\", \"coins\": 0}, \"bot_message\": \"It looks like you could use a short break! Take a moment to recharge.\", \"difficulty_hint\": \"Remember, pacing helps improve your skills!\", \"emotional_state\": \"frustrated\", \"recommended_room\": \"beginner\", \"should_suggest_break\": true}','2025-12-04 13:53:10'),(107,'{\"reward\": {\"type\": \"none\", \"coins\": 0}, \"bot_message\": \"It seems like you\'re having a tough time. How about a short break to recharge?\", \"difficulty_hint\": \"Try focusing on a few key strategies to improve your game!\", \"emotional_state\": \"frustrated\", \"recommended_room\": \"beginner\", \"should_suggest_break\": true}','2025-12-04 13:53:23'),(108,'{\"reward\": {\"type\": \"knowledge_point\", \"coins\": 10}, \"bot_message\": \"You\'ve been playing for a while! How about a short break?\", \"difficulty_hint\": \"Try focusing on patterns to improve your strategy!\", \"emotional_state\": \"neutral\", \"recommended_room\": \"beginner\", \"should_suggest_break\": true}','2025-12-04 13:53:36'),(109,'{\"reward\": {\"type\": \"learning_points\", \"coins\": 5}, \"bot_message\": \"You\'re doing great! How about a short break to recharge?\", \"difficulty_hint\": \"Try to take it slow and enjoy the learning process!\", \"emotional_state\": \"neutral\", \"recommended_room\": \"beginner\", \"should_suggest_break\": true}','2025-12-04 13:53:49'),(110,'{\"reward\": {\"type\": \"learning_coins\", \"coins\": 5}, \"bot_message\": \"You\'ve been playing for a while! How about a quick break?\", \"difficulty_hint\": \"Try focusing on your patterns for better strategy.\", \"emotional_state\": \"neutral\", \"recommended_room\": \"beginner\", \"should_suggest_break\": true}','2025-12-04 13:54:01'),(111,'{\"reward\": {\"type\": \"learning_points\", \"coins\": 50}, \"bot_message\": \"I see it’s been a while! How about a short break to refresh your mind?\", \"difficulty_hint\": \"Consider playing at a comfortable pace and maybe explore some new strategies!\", \"emotional_state\": \"frustration\", \"recommended_room\": \"intermediate\", \"should_suggest_break\": true}','2025-12-04 13:54:14'),(112,'{\"reward\": {\"type\": \"learning_points\", \"coins\": 5}, \"bot_message\": \"It looks like you might need a break. Take a few minutes to refresh your mind!\", \"difficulty_hint\": \"Consider focusing on strategies to improve your game!\", \"emotional_state\": \"frustrated\", \"recommended_room\": \"beginner\", \"should_suggest_break\": true}','2025-12-04 13:54:27'),(113,'{\"reward\": {\"type\": \"none\", \"coins\": 0}, \"bot_message\": \"You\'ve been playing for a while! How about a quick break?\", \"difficulty_hint\": \"Try to focus on learning the patterns!\", \"emotional_state\": \"neutral\", \"recommended_room\": \"beginner\", \"should_suggest_break\": true}','2025-12-04 13:54:41'),(114,'{\"reward\": {\"type\": \"learning_points\", \"coins\": 10}, \"bot_message\": \"It looks like it\'s been a long session! How about a quick break?\", \"difficulty_hint\": \"Consider reviewing some game strategies before continuing.\", \"emotional_state\": \"frustrated\", \"recommended_room\": \"beginner\", \"should_suggest_break\": true}','2025-12-04 13:54:53'),(115,'{\"reward\": {\"type\": \"learning\", \"coins\": 0}, \"bot_message\": \"You\'ve been playing for a while! How about a short break to refresh?\", \"difficulty_hint\": \"Consider starting with simpler tasks to build confidence!\", \"emotional_state\": \"neutral\", \"recommended_room\": \"beginner\", \"should_suggest_break\": true}','2025-12-04 13:55:06'),(116,'{\"reward\": {\"type\": \"none\", \"coins\": 0}, \"bot_message\": \"It seems like it\'s been a long session. How about taking a short break to recharge?\", \"difficulty_hint\": \"Consider starting with a beginner room for a smoother experience.\", \"emotional_state\": \"frustrated\", \"recommended_room\": \"beginner\", \"should_suggest_break\": true}','2025-12-04 13:55:18'),(117,'{\"reward\": {\"type\": \"none\", \"coins\": 0}, \"bot_message\": \"It looks like you\'re feeling a bit stuck. How about taking a short break?\", \"difficulty_hint\": \"Try focusing on one number at a time to improve your chances!\", \"emotional_state\": \"frustrated\", \"recommended_room\": \"beginner\", \"should_suggest_break\": true}','2025-12-04 13:55:32'),(118,'{\"reward\": {\"type\": \"none\", \"coins\": 0}, \"bot_message\": \"You\'ve been playing for a while! How about a quick break?\", \"difficulty_hint\": \"Try to pace your game for better learning!\", \"emotional_state\": \"neutral\", \"recommended_room\": \"beginner\", \"should_suggest_break\": true}','2025-12-04 13:55:45'),(119,'{\"reward\": {\"type\": \"none\", \"coins\": 0}, \"bot_message\": \"You\'ve been playing for a while! How about a short break?\", \"difficulty_hint\": \"Consider starting in a beginner room to refresh your strategy!\", \"emotional_state\": \"neutral\", \"recommended_room\": \"beginner\", \"should_suggest_break\": true}','2025-12-04 13:55:58'),(120,'{\"reward\": {\"type\": \"none\", \"coins\": 0}, \"bot_message\": \"You\'ve been playing for a while! How about a quick break?\", \"difficulty_hint\": \"Try to pace yourself and enjoy the journey!\", \"emotional_state\": \"neutral\", \"recommended_room\": \"beginner\", \"should_suggest_break\": true}','2025-12-04 13:56:11'),(121,'{\"reward\": {\"type\": \"learning_points\", \"coins\": 10}, \"bot_message\": \"Great job keeping up with the draws! How about a short break to recharge?\", \"difficulty_hint\": \"Try focusing on one pattern at a time for better results!\", \"emotional_state\": \"neutral\", \"recommended_room\": \"beginner\", \"should_suggest_break\": true}','2025-12-04 13:56:24'),(122,'{\"reward\": {\"type\": \"learning_points\", \"coins\": 5}, \"bot_message\": \"It looks like you\'re feeling a bit frustrated. How about a short break? Let\'s recharge!\", \"difficulty_hint\": \"Try starting in a beginner room to build confidence!\", \"emotional_state\": \"frustrated\", \"recommended_room\": \"beginner\", \"should_suggest_break\": true}','2025-12-04 13:56:37'),(123,'{\"reward\": {\"type\": \"none\", \"coins\": 0}, \"bot_message\": \"You\'ve been playing for a while! How about a quick break to recharge?\", \"difficulty_hint\": \"Focus on strategy as you progress!\", \"emotional_state\": \"neutral\", \"recommended_room\": \"intermediate\", \"should_suggest_break\": true}','2025-12-04 13:56:51'),(124,'{\"reward\": {\"type\": \"learning_points\", \"coins\": 5}, \"bot_message\": \"You\'ve been playing for a while! How about a short break?\", \"difficulty_hint\": \"Consider taking your time to think through your next moves!\", \"emotional_state\": \"neutral\", \"recommended_room\": \"beginner\", \"should_suggest_break\": true}','2025-12-04 13:57:05'),(125,'{\"reward\": {\"type\": \"encouragement\", \"coins\": 0}, \"bot_message\": \"It seems like you might be feeling a bit stuck. How about a short break to refresh?\", \"difficulty_hint\": \"Try focusing on patterns to improve your chances!\", \"emotional_state\": \"frustration\", \"recommended_room\": \"intermediate\", \"should_suggest_break\": true}','2025-12-04 13:57:17'),(126,'{\"reward\": {\"type\": \"learning_points\", \"coins\": 10}, \"bot_message\": \"You\'ve been playing for a while! How about a quick break?\", \"difficulty_hint\": \"Try to pace yourself for better focus!\", \"emotional_state\": \"neutral\", \"recommended_room\": \"beginner\", \"should_suggest_break\": true}','2025-12-04 13:57:30'),(127,'{\"reward\": {\"type\": \"learning_points\", \"coins\": 5}, \"bot_message\": \"It looks like you\'re feeling a bit frustrated. Let\'s take a short break and come back refreshed!\", \"difficulty_hint\": \"Consider starting with easier patterns to boost your confidence!\", \"emotional_state\": \"frustration\", \"recommended_room\": \"beginner\", \"should_suggest_break\": true}','2025-12-04 13:57:43'),(128,'{\"reward\": {\"type\": \"learning_points\", \"coins\": 5}, \"bot_message\": \"You\'re doing great! How about a quick break to recharge?\", \"difficulty_hint\": \"Consider trying some beginner strategies to enhance your game.\", \"emotional_state\": \"neutral\", \"recommended_room\": \"beginner\", \"should_suggest_break\": true}','2025-12-04 13:57:55'),(129,'{\"reward\": {\"type\": \"encouragement\", \"coins\": 0}, \"bot_message\": \"It looks like you\'re feeling a bit stuck. How about a quick break to recharge?\", \"difficulty_hint\": \"Consider pacing yourself and trying simpler strategies to improve your game!\", \"emotional_state\": \"frustration\", \"recommended_room\": \"beginner\", \"should_suggest_break\": true}','2025-12-04 13:58:07'),(130,'{\"reward\": {\"type\": \"none\", \"coins\": 0}, \"bot_message\": \"It looks like you could use a short break! Recharge and come back refreshed!\", \"difficulty_hint\": \"Consider practicing in a beginner room to build your skills.\", \"emotional_state\": \"frustration\", \"recommended_room\": \"beginner\", \"should_suggest_break\": true}','2025-12-04 13:58:20'),(131,'{\"reward\": {\"type\": \"learning_points\", \"coins\": 0}, \"bot_message\": \"You\'ve been playing for a while! How about a quick break?\", \"difficulty_hint\": \"Try focusing on a few key strategies for the next draw!\", \"emotional_state\": \"neutral\", \"recommended_room\": \"beginner\", \"should_suggest_break\": true}','2025-12-04 13:58:32'),(132,'{\"reward\": {\"type\": \"learning_points\", \"coins\": 10}, \"bot_message\": \"You\'re doing great! How about a quick break to recharge?\", \"difficulty_hint\": \"Remember to take your time and enjoy the process!\", \"emotional_state\": \"neutral\", \"recommended_room\": \"beginner\", \"should_suggest_break\": true}','2025-12-04 13:58:46'),(133,'{\"reward\": {\"type\": \"learning_resource\", \"coins\": 0}, \"bot_message\": \"You\'ve been playing for a while! How about a quick break to recharge?\", \"difficulty_hint\": \"Try focusing on patterns and strategies in the next rounds!\", \"emotional_state\": \"neutral\", \"recommended_room\": \"beginner\", \"should_suggest_break\": true}','2025-12-04 13:58:58'),(134,'{\"reward\": {\"type\": \"none\", \"coins\": 0}, \"bot_message\": \"Taking a short break might help! Remember, it\'s all about learning and having fun.\", \"difficulty_hint\": \"Consider playing in the beginner room for a smoother experience!\", \"emotional_state\": \"frustrated\", \"recommended_room\": \"beginner\", \"should_suggest_break\": true}','2025-12-04 13:59:11'),(135,'{\"reward\": {\"type\": \"experience\", \"coins\": 10}, \"bot_message\": \"It seems you\'re facing some challenges. How about a short break to recharge?\", \"difficulty_hint\": \"Try focusing on a specific strategy for your next game!\", \"emotional_state\": \"frustration\", \"recommended_room\": \"beginner\", \"should_suggest_break\": true}','2025-12-04 13:59:23'),(136,'{\"reward\": {\"type\": \"learning_points\", \"coins\": 10}, \"bot_message\": \"It looks like you\'re feeling a bit stuck. How about a short break to refresh? 😊\", \"difficulty_hint\": \"Try focusing on the patterns and taking your time on each draw!\", \"emotional_state\": \"frustration\", \"recommended_room\": \"beginner\", \"should_suggest_break\": true}','2025-12-04 13:59:36'),(137,'{\"reward\": {\"type\": \"learning_points\", \"coins\": 10}, \"bot_message\": \"Great job! You\'ve been playing for a while; how about a quick break?\", \"difficulty_hint\": \"Try pacing yourself; it\'s all about enjoying the learning journey!\", \"emotional_state\": \"neutral\", \"recommended_room\": \"beginner\", \"should_suggest_break\": true}','2025-12-04 13:59:49'),(138,'{\"reward\": {\"type\": \"learning_points\", \"coins\": 10}, \"bot_message\": \"Great drawing so far! How about a quick break to recharge?\", \"difficulty_hint\": \"Remember, take your time and focus on the patterns!\", \"emotional_state\": \"neutral\", \"recommended_room\": \"beginner\", \"should_suggest_break\": true}','2025-12-04 14:00:02'),(139,'{\"reward\": {\"type\": \"experience\", \"coins\": 0}, \"bot_message\": \"It\'s okay to take a break! Relax and come back refreshed.\", \"difficulty_hint\": \"Try focusing on a few numbers at a time!\", \"emotional_state\": \"frustrated\", \"recommended_room\": \"beginner\", \"should_suggest_break\": true}','2025-12-04 14:00:14'),(140,'{\"reward\": {\"type\": \"none\", \"coins\": 0}, \"bot_message\": \"It looks like you\'re feeling a bit frustrated. How about taking a short break?\", \"difficulty_hint\": \"Consider practicing in a beginner room for a more relaxed experience!\", \"emotional_state\": \"frustrated\", \"recommended_room\": \"beginner\", \"should_suggest_break\": true}','2025-12-04 14:00:26'),(141,'{\"reward\": {\"type\": \"none\", \"coins\": 0}, \"bot_message\": \"It looks like you\'re feeling a bit frustrated. How about taking a short break?\", \"difficulty_hint\": \"Try slowing down and focusing on each draw!\", \"emotional_state\": \"frustration\", \"recommended_room\": \"beginner\", \"should_suggest_break\": true}','2025-12-04 14:00:39');
/*!40000 ALTER TABLE `ai_decisions` ENABLE KEYS */;
UNLOCK TABLES;

--
-- Table structure for table `coin_transactions`
--

DROP TABLE IF EXISTS `coin_transactions`;
/*!40101 SET @saved_cs_client     = @@character_set_client */;
/*!50503 SET character_set_client = utf8mb4 */;
CREATE TABLE `coin_transactions` (
  `id` int NOT NULL AUTO_INCREMENT,
  `user_id` int NOT NULL,
  `amount` int NOT NULL,
  `reason` varchar(255) DEFAULT NULL,
  `created_at` datetime NOT NULL,
  PRIMARY KEY (`id`)
) ENGINE=InnoDB AUTO_INCREMENT=2 DEFAULT CHARSET=utf8mb4 COLLATE=utf8mb4_0900_ai_ci;
/*!40101 SET character_set_client = @saved_cs_client */;

--
-- Dumping data for table `coin_transactions`
--

LOCK TABLES `coin_transactions` WRITE;
/*!40000 ALTER TABLE `coin_transactions` DISABLE KEYS */;
INSERT INTO `coin_transactions` VALUES (1,1,50,'Initial bonus','2025-12-04 10:50:45');
/*!40000 ALTER TABLE `coin_transactions` ENABLE KEYS */;
UNLOCK TABLES;

--
-- Table structure for table `game_logs`
--

DROP TABLE IF EXISTS `game_logs`;
/*!40101 SET @saved_cs_client     = @@character_set_client */;
/*!50503 SET character_set_client = utf8mb4 */;
CREATE TABLE `game_logs` (
  `id` int NOT NULL AUTO_INCREMENT,
  `user_id` int DEFAULT NULL,
  `game_id` int DEFAULT NULL,
  `room` varchar(32) DEFAULT NULL,
  `status` varchar(32) DEFAULT NULL,
  `win_type` varchar(32) DEFAULT NULL,
  `event_type` varchar(64) DEFAULT NULL,
  `payload_json` json DEFAULT NULL,
  `session_duration_ms` int DEFAULT NULL,
  `last_event` varchar(64) DEFAULT NULL,
  `last_event_at` datetime DEFAULT NULL,
  `started_at` datetime DEFAULT NULL,
  `ended_at` datetime DEFAULT NULL,
  `created_at` datetime DEFAULT NULL,
  PRIMARY KEY (`id`)
) ENGINE=InnoDB AUTO_INCREMENT=78 DEFAULT CHARSET=utf8mb4 COLLATE=utf8mb4_0900_ai_ci;
/*!40101 SET character_set_client = @saved_cs_client */;

--
-- Dumping data for table `game_logs`
--

LOCK TABLES `game_logs` WRITE;
/*!40000 ALTER TABLE `game_logs` DISABLE KEYS */;
INSERT INTO `game_logs` VALUES (1,1,1,'beginner','finished','single_line','end_game',NULL,NULL,NULL,NULL,NULL,NULL,'2025-12-04 10:50:45'),(2,2,NULL,'beginner','ongoing',NULL,NULL,NULL,NULL,'draw','2025-12-04 10:51:10','2025-12-04 10:51:03',NULL,NULL),(3,NULL,2,'beginner',NULL,NULL,'mark','{\"extra\": {\"idx\": 7}, \"actions\": [{\"ts\": 1764825663085, \"type\": \"start_game\", \"payload\": {\"room\": \"beginner\"}}, {\"ts\": 1764825664150, \"type\": \"mark_cell\", \"payload\": {\"idx\": 7, \"marked\": true}}]}',10537,NULL,NULL,NULL,NULL,'2025-12-04 10:51:04'),(4,NULL,2,'beginner',NULL,NULL,'mark','{\"extra\": {\"idx\": 8}, \"actions\": [{\"ts\": 1764825663085, \"type\": \"start_game\", \"payload\": {\"room\": \"beginner\"}}, {\"ts\": 1764825664150, \"type\": \"mark_cell\", \"payload\": {\"idx\": 7, \"marked\": true}}, {\"ts\": 1764825664636, \"type\": \"mark_cell\", \"payload\": {\"idx\": 8, \"marked\": true}}]}',11023,NULL,NULL,NULL,NULL,'2025-12-04 10:51:04'),(5,NULL,2,'beginner',NULL,NULL,'mark','{\"extra\": {\"idx\": 13}, \"actions\": [{\"ts\": 1764825663085, \"type\": \"start_game\", \"payload\": {\"room\": \"beginner\"}}, {\"ts\": 1764825664150, \"type\": \"mark_cell\", \"payload\": {\"idx\": 7, \"marked\": true}}, {\"ts\": 1764825664636, \"type\": \"mark_cell\", \"payload\": {\"idx\": 8, \"marked\": true}}, {\"ts\": 1764825665045, \"type\": \"mark_cell\", \"payload\": {\"idx\": 13, \"marked\": true}}]}',11432,NULL,NULL,NULL,NULL,'2025-12-04 10:51:05'),(6,NULL,2,'beginner',NULL,NULL,'mark','{\"extra\": {\"idx\": 10}, \"actions\": [{\"ts\": 1764825663085, \"type\": \"start_game\", \"payload\": {\"room\": \"beginner\"}}, {\"ts\": 1764825664150, \"type\": \"mark_cell\", \"payload\": {\"idx\": 7, \"marked\": true}}, {\"ts\": 1764825664636, \"type\": \"mark_cell\", \"payload\": {\"idx\": 8, \"marked\": true}}, {\"ts\": 1764825665045, \"type\": \"mark_cell\", \"payload\": {\"idx\": 13, \"marked\": true}}, {\"ts\": 1764825665694, \"type\": \"mark_cell\", \"payload\": {\"idx\": 10, \"marked\": true}}]}',12081,NULL,NULL,NULL,NULL,'2025-12-04 10:51:05'),(7,NULL,2,'beginner',NULL,NULL,'mark','{\"extra\": {\"idx\": 16}, \"actions\": [{\"ts\": 1764825663085, \"type\": \"start_game\", \"payload\": {\"room\": \"beginner\"}}, {\"ts\": 1764825664150, \"type\": \"mark_cell\", \"payload\": {\"idx\": 7, \"marked\": true}}, {\"ts\": 1764825664636, \"type\": \"mark_cell\", \"payload\": {\"idx\": 8, \"marked\": true}}, {\"ts\": 1764825665045, \"type\": \"mark_cell\", \"payload\": {\"idx\": 13, \"marked\": true}}, {\"ts\": 1764825665694, \"type\": \"mark_cell\", \"payload\": {\"idx\": 10, \"marked\": true}}, {\"ts\": 1764825666695, \"type\": \"mark_cell\", \"payload\": {\"idx\": 16, \"marked\": true}}]}',13082,NULL,NULL,NULL,NULL,'2025-12-04 10:51:06'),(8,2,NULL,'beginner','ongoing','single_line',NULL,NULL,NULL,'draw','2025-12-04 10:51:18','2025-12-04 10:51:10',NULL,NULL),(9,NULL,8,'beginner',NULL,NULL,'mark','{\"extra\": {\"idx\": 3}, \"actions\": [{\"ts\": 1764825663085, \"type\": \"start_game\", \"payload\": {\"room\": \"beginner\"}}, {\"ts\": 1764825664150, \"type\": \"mark_cell\", \"payload\": {\"idx\": 7, \"marked\": true}}, {\"ts\": 1764825664636, \"type\": \"mark_cell\", \"payload\": {\"idx\": 8, \"marked\": true}}, {\"ts\": 1764825665045, \"type\": \"mark_cell\", \"payload\": {\"idx\": 13, \"marked\": true}}, {\"ts\": 1764825665694, \"type\": \"mark_cell\", \"payload\": {\"idx\": 10, \"marked\": true}}, {\"ts\": 1764825666695, \"type\": \"mark_cell\", \"payload\": {\"idx\": 16, \"marked\": true}}, {\"ts\": 1764825670616, \"type\": \"start_game\", \"payload\": {\"room\": \"beginner\"}}, {\"ts\": 1764825675782, \"type\": \"mark_cell\", \"payload\": {\"idx\": 3, \"marked\": true}}]}',22169,NULL,NULL,NULL,NULL,'2025-12-04 10:51:15'),(10,NULL,8,'beginner',NULL,NULL,'mark','{\"extra\": {\"idx\": 8}, \"actions\": [{\"ts\": 1764825663085, \"type\": \"start_game\", \"payload\": {\"room\": \"beginner\"}}, {\"ts\": 1764825664150, \"type\": \"mark_cell\", \"payload\": {\"idx\": 7, \"marked\": true}}, {\"ts\": 1764825664636, \"type\": \"mark_cell\", \"payload\": {\"idx\": 8, \"marked\": true}}, {\"ts\": 1764825665045, \"type\": \"mark_cell\", \"payload\": {\"idx\": 13, \"marked\": true}}, {\"ts\": 1764825665694, \"type\": \"mark_cell\", \"payload\": {\"idx\": 10, \"marked\": true}}, {\"ts\": 1764825666695, \"type\": \"mark_cell\", \"payload\": {\"idx\": 16, \"marked\": true}}, {\"ts\": 1764825670616, \"type\": \"start_game\", \"payload\": {\"room\": \"beginner\"}}, {\"ts\": 1764825675782, \"type\": \"mark_cell\", \"payload\": {\"idx\": 3, \"marked\": true}}, {\"ts\": 1764825676091, \"type\": \"mark_cell\", \"payload\": {\"idx\": 8, \"marked\": true}}]}',22478,NULL,NULL,NULL,NULL,'2025-12-04 10:51:16'),(11,NULL,8,'beginner',NULL,NULL,'mark','{\"extra\": {\"idx\": 13}, \"actions\": [{\"ts\": 1764825663085, \"type\": \"start_game\", \"payload\": {\"room\": \"beginner\"}}, {\"ts\": 1764825664150, \"type\": \"mark_cell\", \"payload\": {\"idx\": 7, \"marked\": true}}, {\"ts\": 1764825664636, \"type\": \"mark_cell\", \"payload\": {\"idx\": 8, \"marked\": true}}, {\"ts\": 1764825665045, \"type\": \"mark_cell\", \"payload\": {\"idx\": 13, \"marked\": true}}, {\"ts\": 1764825665694, \"type\": \"mark_cell\", \"payload\": {\"idx\": 10, \"marked\": true}}, {\"ts\": 1764825666695, \"type\": \"mark_cell\", \"payload\": {\"idx\": 16, \"marked\": true}}, {\"ts\": 1764825670616, \"type\": \"start_game\", \"payload\": {\"room\": \"beginner\"}}, {\"ts\": 1764825675782, \"type\": \"mark_cell\", \"payload\": {\"idx\": 3, \"marked\": true}}, {\"ts\": 1764825676091, \"type\": \"mark_cell\", \"payload\": {\"idx\": 8, \"marked\": true}}, {\"ts\": 1764825676507, \"type\": \"mark_cell\", \"payload\": {\"idx\": 13, \"marked\": true}}]}',22894,NULL,NULL,NULL,NULL,'2025-12-04 10:51:16'),(12,NULL,8,'beginner',NULL,NULL,'mark','{\"extra\": {\"idx\": 18}, \"actions\": [{\"ts\": 1764825664150, \"type\": \"mark_cell\", \"payload\": {\"idx\": 7, \"marked\": true}}, {\"ts\": 1764825664636, \"type\": \"mark_cell\", \"payload\": {\"idx\": 8, \"marked\": true}}, {\"ts\": 1764825665045, \"type\": \"mark_cell\", \"payload\": {\"idx\": 13, \"marked\": true}}, {\"ts\": 1764825665694, \"type\": \"mark_cell\", \"payload\": {\"idx\": 10, \"marked\": true}}, {\"ts\": 1764825666695, \"type\": \"mark_cell\", \"payload\": {\"idx\": 16, \"marked\": true}}, {\"ts\": 1764825670616, \"type\": \"start_game\", \"payload\": {\"room\": \"beginner\"}}, {\"ts\": 1764825675782, \"type\": \"mark_cell\", \"payload\": {\"idx\": 3, \"marked\": true}}, {\"ts\": 1764825676091, \"type\": \"mark_cell\", \"payload\": {\"idx\": 8, \"marked\": true}}, {\"ts\": 1764825676507, \"type\": \"mark_cell\", \"payload\": {\"idx\": 13, \"marked\": true}}, {\"ts\": 1764825676916, \"type\": \"mark_cell\", \"payload\": {\"idx\": 18, \"marked\": true}}]}',23303,NULL,NULL,NULL,NULL,'2025-12-04 10:51:16'),(13,NULL,8,'beginner',NULL,NULL,'mark','{\"extra\": {\"idx\": 23}, \"actions\": [{\"ts\": 1764825664636, \"type\": \"mark_cell\", \"payload\": {\"idx\": 8, \"marked\": true}}, {\"ts\": 1764825665045, \"type\": \"mark_cell\", \"payload\": {\"idx\": 13, \"marked\": true}}, {\"ts\": 1764825665694, \"type\": \"mark_cell\", \"payload\": {\"idx\": 10, \"marked\": true}}, {\"ts\": 1764825666695, \"type\": \"mark_cell\", \"payload\": {\"idx\": 16, \"marked\": true}}, {\"ts\": 1764825670616, \"type\": \"start_game\", \"payload\": {\"room\": \"beginner\"}}, {\"ts\": 1764825675782, \"type\": \"mark_cell\", \"payload\": {\"idx\": 3, \"marked\": true}}, {\"ts\": 1764825676091, \"type\": \"mark_cell\", \"payload\": {\"idx\": 8, \"marked\": true}}, {\"ts\": 1764825676507, \"type\": \"mark_cell\", \"payload\": {\"idx\": 13, \"marked\": true}}, {\"ts\": 1764825676916, \"type\": \"mark_cell\", \"payload\": {\"idx\": 18, \"marked\": true}}, {\"ts\": 1764825677337, \"type\": \"mark_cell\", \"payload\": {\"idx\": 23, \"marked\": true}}]}',23724,NULL,NULL,NULL,NULL,'2025-12-04 10:51:17'),(14,NULL,8,'beginner',NULL,NULL,'mark','{\"extra\": {\"idx\": 24}, \"actions\": [{\"ts\": 1764825665045, \"type\": \"mark_cell\", \"payload\": {\"idx\": 13, \"marked\": true}}, {\"ts\": 1764825665694, \"type\": \"mark_cell\", \"payload\": {\"idx\": 10, \"marked\": true}}, {\"ts\": 1764825666695, \"type\": \"mark_cell\", \"payload\": {\"idx\": 16, \"marked\": true}}, {\"ts\": 1764825670616, \"type\": \"start_game\", \"payload\": {\"room\": \"beginner\"}}, {\"ts\": 1764825675782, \"type\": \"mark_cell\", \"payload\": {\"idx\": 3, \"marked\": true}}, {\"ts\": 1764825676091, \"type\": \"mark_cell\", \"payload\": {\"idx\": 8, \"marked\": true}}, {\"ts\": 1764825676507, \"type\": \"mark_cell\", \"payload\": {\"idx\": 13, \"marked\": true}}, {\"ts\": 1764825676916, \"type\": \"mark_cell\", \"payload\": {\"idx\": 18, \"marked\": true}}, {\"ts\": 1764825677337, \"type\": \"mark_cell\", \"payload\": {\"idx\": 23, \"marked\": true}}, {\"ts\": 1764825677757, \"type\": \"mark_cell\", \"payload\": {\"idx\": 24, \"marked\": true}}]}',24144,NULL,NULL,NULL,NULL,'2025-12-04 10:51:17'),(15,NULL,8,'beginner',NULL,NULL,'mark','{\"extra\": {\"idx\": 19}, \"actions\": [{\"ts\": 1764825665694, \"type\": \"mark_cell\", \"payload\": {\"idx\": 10, \"marked\": true}}, {\"ts\": 1764825666695, \"type\": \"mark_cell\", \"payload\": {\"idx\": 16, \"marked\": true}}, {\"ts\": 1764825670616, \"type\": \"start_game\", \"payload\": {\"room\": \"beginner\"}}, {\"ts\": 1764825675782, \"type\": \"mark_cell\", \"payload\": {\"idx\": 3, \"marked\": true}}, {\"ts\": 1764825676091, \"type\": \"mark_cell\", \"payload\": {\"idx\": 8, \"marked\": true}}, {\"ts\": 1764825676507, \"type\": \"mark_cell\", \"payload\": {\"idx\": 13, \"marked\": true}}, {\"ts\": 1764825676916, \"type\": \"mark_cell\", \"payload\": {\"idx\": 18, \"marked\": true}}, {\"ts\": 1764825677337, \"type\": \"mark_cell\", \"payload\": {\"idx\": 23, \"marked\": true}}, {\"ts\": 1764825677757, \"type\": \"mark_cell\", \"payload\": {\"idx\": 24, \"marked\": true}}, {\"ts\": 1764825678048, \"type\": \"mark_cell\", \"payload\": {\"idx\": 19, \"marked\": true}}]}',24435,NULL,NULL,NULL,NULL,'2025-12-04 10:51:18'),(16,NULL,8,'beginner',NULL,NULL,'mark','{\"extra\": {\"idx\": 16}, \"actions\": [{\"ts\": 1764825666695, \"type\": \"mark_cell\", \"payload\": {\"idx\": 16, \"marked\": true}}, {\"ts\": 1764825670616, \"type\": \"start_game\", \"payload\": {\"room\": \"beginner\"}}, {\"ts\": 1764825675782, \"type\": \"mark_cell\", \"payload\": {\"idx\": 3, \"marked\": true}}, {\"ts\": 1764825676091, \"type\": \"mark_cell\", \"payload\": {\"idx\": 8, \"marked\": true}}, {\"ts\": 1764825676507, \"type\": \"mark_cell\", \"payload\": {\"idx\": 13, \"marked\": true}}, {\"ts\": 1764825676916, \"type\": \"mark_cell\", \"payload\": {\"idx\": 18, \"marked\": true}}, {\"ts\": 1764825677337, \"type\": \"mark_cell\", \"payload\": {\"idx\": 23, \"marked\": true}}, {\"ts\": 1764825677757, \"type\": \"mark_cell\", \"payload\": {\"idx\": 24, \"marked\": true}}, {\"ts\": 1764825678048, \"type\": \"mark_cell\", \"payload\": {\"idx\": 19, \"marked\": true}}, {\"ts\": 1764825678499, \"type\": \"mark_cell\", \"payload\": {\"idx\": 16, \"marked\": true}}]}',24886,NULL,NULL,NULL,NULL,'2025-12-04 10:51:18'),(17,NULL,8,'beginner',NULL,NULL,'mark','{\"extra\": {\"idx\": 11}, \"actions\": [{\"ts\": 1764825670616, \"type\": \"start_game\", \"payload\": {\"room\": \"beginner\"}}, {\"ts\": 1764825675782, \"type\": \"mark_cell\", \"payload\": {\"idx\": 3, \"marked\": true}}, {\"ts\": 1764825676091, \"type\": \"mark_cell\", \"payload\": {\"idx\": 8, \"marked\": true}}, {\"ts\": 1764825676507, \"type\": \"mark_cell\", \"payload\": {\"idx\": 13, \"marked\": true}}, {\"ts\": 1764825676916, \"type\": \"mark_cell\", \"payload\": {\"idx\": 18, \"marked\": true}}, {\"ts\": 1764825677337, \"type\": \"mark_cell\", \"payload\": {\"idx\": 23, \"marked\": true}}, {\"ts\": 1764825677757, \"type\": \"mark_cell\", \"payload\": {\"idx\": 24, \"marked\": true}}, {\"ts\": 1764825678048, \"type\": \"mark_cell\", \"payload\": {\"idx\": 19, \"marked\": true}}, {\"ts\": 1764825678499, \"type\": \"mark_cell\", \"payload\": {\"idx\": 16, \"marked\": true}}, {\"ts\": 1764825678915, \"type\": \"mark_cell\", \"payload\": {\"idx\": 11, \"marked\": true}}]}',25302,NULL,NULL,NULL,NULL,'2025-12-04 10:51:18'),(18,NULL,8,'beginner',NULL,NULL,'mark','{\"extra\": {\"idx\": 6}, \"actions\": [{\"ts\": 1764825675782, \"type\": \"mark_cell\", \"payload\": {\"idx\": 3, \"marked\": true}}, {\"ts\": 1764825676091, \"type\": \"mark_cell\", \"payload\": {\"idx\": 8, \"marked\": true}}, {\"ts\": 1764825676507, \"type\": \"mark_cell\", \"payload\": {\"idx\": 13, \"marked\": true}}, {\"ts\": 1764825676916, \"type\": \"mark_cell\", \"payload\": {\"idx\": 18, \"marked\": true}}, {\"ts\": 1764825677337, \"type\": \"mark_cell\", \"payload\": {\"idx\": 23, \"marked\": true}}, {\"ts\": 1764825677757, \"type\": \"mark_cell\", \"payload\": {\"idx\": 24, \"marked\": true}}, {\"ts\": 1764825678048, \"type\": \"mark_cell\", \"payload\": {\"idx\": 19, \"marked\": true}}, {\"ts\": 1764825678499, \"type\": \"mark_cell\", \"payload\": {\"idx\": 16, \"marked\": true}}, {\"ts\": 1764825678915, \"type\": \"mark_cell\", \"payload\": {\"idx\": 11, \"marked\": true}}, {\"ts\": 1764825679358, \"type\": \"mark_cell\", \"payload\": {\"idx\": 6, \"marked\": true}}]}',25745,NULL,NULL,NULL,NULL,'2025-12-04 10:51:19'),(19,NULL,8,'beginner',NULL,NULL,'mark','{\"extra\": {\"idx\": 5}, \"actions\": [{\"ts\": 1764825676091, \"type\": \"mark_cell\", \"payload\": {\"idx\": 8, \"marked\": true}}, {\"ts\": 1764825676507, \"type\": \"mark_cell\", \"payload\": {\"idx\": 13, \"marked\": true}}, {\"ts\": 1764825676916, \"type\": \"mark_cell\", \"payload\": {\"idx\": 18, \"marked\": true}}, {\"ts\": 1764825677337, \"type\": \"mark_cell\", \"payload\": {\"idx\": 23, \"marked\": true}}, {\"ts\": 1764825677757, \"type\": \"mark_cell\", \"payload\": {\"idx\": 24, \"marked\": true}}, {\"ts\": 1764825678048, \"type\": \"mark_cell\", \"payload\": {\"idx\": 19, \"marked\": true}}, {\"ts\": 1764825678499, \"type\": \"mark_cell\", \"payload\": {\"idx\": 16, \"marked\": true}}, {\"ts\": 1764825678915, \"type\": \"mark_cell\", \"payload\": {\"idx\": 11, \"marked\": true}}, {\"ts\": 1764825679358, \"type\": \"mark_cell\", \"payload\": {\"idx\": 6, \"marked\": true}}, {\"ts\": 1764825679699, \"type\": \"mark_cell\", \"payload\": {\"idx\": 5, \"marked\": true}}]}',26086,NULL,NULL,NULL,NULL,'2025-12-04 10:51:19'),(20,NULL,8,'beginner',NULL,NULL,'mark','{\"extra\": {\"idx\": 0}, \"actions\": [{\"ts\": 1764825676507, \"type\": \"mark_cell\", \"payload\": {\"idx\": 13, \"marked\": true}}, {\"ts\": 1764825676916, \"type\": \"mark_cell\", \"payload\": {\"idx\": 18, \"marked\": true}}, {\"ts\": 1764825677337, \"type\": \"mark_cell\", \"payload\": {\"idx\": 23, \"marked\": true}}, {\"ts\": 1764825677757, \"type\": \"mark_cell\", \"payload\": {\"idx\": 24, \"marked\": true}}, {\"ts\": 1764825678048, \"type\": \"mark_cell\", \"payload\": {\"idx\": 19, \"marked\": true}}, {\"ts\": 1764825678499, \"type\": \"mark_cell\", \"payload\": {\"idx\": 16, \"marked\": true}}, {\"ts\": 1764825678915, \"type\": \"mark_cell\", \"payload\": {\"idx\": 11, \"marked\": true}}, {\"ts\": 1764825679358, \"type\": \"mark_cell\", \"payload\": {\"idx\": 6, \"marked\": true}}, {\"ts\": 1764825679699, \"type\": \"mark_cell\", \"payload\": {\"idx\": 5, \"marked\": true}}, {\"ts\": 1764825680141, \"type\": \"mark_cell\", \"payload\": {\"idx\": 0, \"marked\": true}}]}',26528,NULL,NULL,NULL,NULL,'2025-12-04 10:51:20'),(21,NULL,8,'beginner',NULL,NULL,'mark','{\"extra\": {\"idx\": 22}, \"actions\": [{\"ts\": 1764825676916, \"type\": \"mark_cell\", \"payload\": {\"idx\": 18, \"marked\": true}}, {\"ts\": 1764825677337, \"type\": \"mark_cell\", \"payload\": {\"idx\": 23, \"marked\": true}}, {\"ts\": 1764825677757, \"type\": \"mark_cell\", \"payload\": {\"idx\": 24, \"marked\": true}}, {\"ts\": 1764825678048, \"type\": \"mark_cell\", \"payload\": {\"idx\": 19, \"marked\": true}}, {\"ts\": 1764825678499, \"type\": \"mark_cell\", \"payload\": {\"idx\": 16, \"marked\": true}}, {\"ts\": 1764825678915, \"type\": \"mark_cell\", \"payload\": {\"idx\": 11, \"marked\": true}}, {\"ts\": 1764825679358, \"type\": \"mark_cell\", \"payload\": {\"idx\": 6, \"marked\": true}}, {\"ts\": 1764825679699, \"type\": \"mark_cell\", \"payload\": {\"idx\": 5, \"marked\": true}}, {\"ts\": 1764825680141, \"type\": \"mark_cell\", \"payload\": {\"idx\": 0, \"marked\": true}}, {\"ts\": 1764825681803, \"type\": \"mark_cell\", \"payload\": {\"idx\": 22, \"marked\": true}}]}',28190,NULL,NULL,NULL,NULL,'2025-12-04 10:51:21'),(22,NULL,8,'beginner',NULL,NULL,'mark','{\"extra\": {\"idx\": 21}, \"actions\": [{\"ts\": 1764825677337, \"type\": \"mark_cell\", \"payload\": {\"idx\": 23, \"marked\": true}}, {\"ts\": 1764825677757, \"type\": \"mark_cell\", \"payload\": {\"idx\": 24, \"marked\": true}}, {\"ts\": 1764825678048, \"type\": \"mark_cell\", \"payload\": {\"idx\": 19, \"marked\": true}}, {\"ts\": 1764825678499, \"type\": \"mark_cell\", \"payload\": {\"idx\": 16, \"marked\": true}}, {\"ts\": 1764825678915, \"type\": \"mark_cell\", \"payload\": {\"idx\": 11, \"marked\": true}}, {\"ts\": 1764825679358, \"type\": \"mark_cell\", \"payload\": {\"idx\": 6, \"marked\": true}}, {\"ts\": 1764825679699, \"type\": \"mark_cell\", \"payload\": {\"idx\": 5, \"marked\": true}}, {\"ts\": 1764825680141, \"type\": \"mark_cell\", \"payload\": {\"idx\": 0, \"marked\": true}}, {\"ts\": 1764825681803, \"type\": \"mark_cell\", \"payload\": {\"idx\": 22, \"marked\": true}}, {\"ts\": 1764825682169, \"type\": \"mark_cell\", \"payload\": {\"idx\": 21, \"marked\": true}}]}',28556,NULL,NULL,NULL,NULL,'2025-12-04 10:51:22'),(23,NULL,8,'beginner',NULL,NULL,'mark','{\"extra\": {\"idx\": 20}, \"actions\": [{\"ts\": 1764825677757, \"type\": \"mark_cell\", \"payload\": {\"idx\": 24, \"marked\": true}}, {\"ts\": 1764825678048, \"type\": \"mark_cell\", \"payload\": {\"idx\": 19, \"marked\": true}}, {\"ts\": 1764825678499, \"type\": \"mark_cell\", \"payload\": {\"idx\": 16, \"marked\": true}}, {\"ts\": 1764825678915, \"type\": \"mark_cell\", \"payload\": {\"idx\": 11, \"marked\": true}}, {\"ts\": 1764825679358, \"type\": \"mark_cell\", \"payload\": {\"idx\": 6, \"marked\": true}}, {\"ts\": 1764825679699, \"type\": \"mark_cell\", \"payload\": {\"idx\": 5, \"marked\": true}}, {\"ts\": 1764825680141, \"type\": \"mark_cell\", \"payload\": {\"idx\": 0, \"marked\": true}}, {\"ts\": 1764825681803, \"type\": \"mark_cell\", \"payload\": {\"idx\": 22, \"marked\": true}}, {\"ts\": 1764825682169, \"type\": \"mark_cell\", \"payload\": {\"idx\": 21, \"marked\": true}}, {\"ts\": 1764825682770, \"type\": \"mark_cell\", \"payload\": {\"idx\": 20, \"marked\": true}}]}',29157,NULL,NULL,NULL,NULL,'2025-12-04 10:51:22'),(24,2,NULL,'beginner','ongoing',NULL,NULL,NULL,NULL,NULL,NULL,'2025-12-04 10:51:27',NULL,NULL),(25,2,NULL,'beginner','ongoing',NULL,NULL,NULL,NULL,NULL,NULL,'2025-12-04 10:51:28',NULL,NULL),(26,2,NULL,'beginner','ongoing',NULL,NULL,NULL,NULL,NULL,NULL,'2025-12-04 10:51:28',NULL,NULL),(27,2,NULL,'beginner','ongoing',NULL,NULL,NULL,NULL,'draw','2025-12-04 10:51:44','2025-12-04 10:51:29',NULL,NULL),(28,2,NULL,'beginner','ongoing',NULL,NULL,NULL,NULL,'draw','2025-12-04 10:57:04','2025-12-04 10:56:59',NULL,NULL),(29,2,NULL,'kiln_studio','ongoing',NULL,NULL,NULL,NULL,'draw','2025-12-04 11:26:45','2025-12-04 11:26:23',NULL,NULL),(30,NULL,29,'kiln_studio',NULL,NULL,'powerup_hint','{\"extra\": [], \"actions\": [{\"ts\": 1764827783147, \"type\": \"start_game\", \"payload\": {\"room\": \"kiln_studio\"}}, {\"ts\": 1764827794716, \"type\": \"powerup_hint\", \"payload\": []}]}',11647,NULL,NULL,NULL,NULL,'2025-12-04 11:26:34'),(31,NULL,29,'kiln_studio',NULL,NULL,'powerup_free_mark','{\"extra\": [], \"actions\": [{\"ts\": 1764827783147, \"type\": \"start_game\", \"payload\": {\"room\": \"kiln_studio\"}}, {\"ts\": 1764827794716, \"type\": \"powerup_hint\", \"payload\": []}, {\"ts\": 1764827796574, \"type\": \"powerup_free_mark\", \"payload\": []}]}',13504,NULL,NULL,NULL,NULL,'2025-12-04 11:26:36'),(32,NULL,29,'kiln_studio',NULL,NULL,'powerup_slow','{\"extra\": [], \"actions\": [{\"ts\": 1764827783147, \"type\": \"start_game\", \"payload\": {\"room\": \"kiln_studio\"}}, {\"ts\": 1764827794716, \"type\": \"powerup_hint\", \"payload\": []}, {\"ts\": 1764827796574, \"type\": \"powerup_free_mark\", \"payload\": []}, {\"ts\": 1764827797115, \"type\": \"powerup_slow\", \"payload\": []}]}',14045,NULL,NULL,NULL,NULL,'2025-12-04 11:26:37'),(33,NULL,29,'kiln_studio',NULL,NULL,'powerup_hint','{\"extra\": [], \"actions\": [{\"ts\": 1764827783147, \"type\": \"start_game\", \"payload\": {\"room\": \"kiln_studio\"}}, {\"ts\": 1764827794716, \"type\": \"powerup_hint\", \"payload\": []}, {\"ts\": 1764827796574, \"type\": \"powerup_free_mark\", \"payload\": []}, {\"ts\": 1764827797115, \"type\": \"powerup_slow\", \"payload\": []}, {\"ts\": 1764827797793, \"type\": \"powerup_hint\", \"payload\": []}]}',14723,NULL,NULL,NULL,NULL,'2025-12-04 11:26:37'),(34,2,NULL,'kiln_studio','ongoing',NULL,NULL,NULL,NULL,'draw','2025-12-04 11:27:40','2025-12-04 11:26:47',NULL,NULL),(35,2,NULL,'kiln_studio','ongoing',NULL,NULL,NULL,NULL,'draw','2025-12-04 11:28:45','2025-12-04 11:27:42',NULL,NULL),(36,NULL,35,'kiln_studio',NULL,NULL,'mark','{\"extra\": {\"idx\": 22}, \"actions\": [{\"ts\": 1764827863027, \"type\": \"start_game\", \"payload\": {\"room\": \"kiln_studio\"}}, {\"ts\": 1764827869098, \"type\": \"mark_cell\", \"payload\": {\"idx\": 22, \"marked\": true}}]}',6154,NULL,NULL,NULL,NULL,'2025-12-04 11:27:49'),(37,NULL,35,'kiln_studio',NULL,NULL,'mark','{\"extra\": {\"idx\": 17}, \"actions\": [{\"ts\": 1764827863027, \"type\": \"start_game\", \"payload\": {\"room\": \"kiln_studio\"}}, {\"ts\": 1764827869098, \"type\": \"mark_cell\", \"payload\": {\"idx\": 22, \"marked\": true}}, {\"ts\": 1764827869645, \"type\": \"mark_cell\", \"payload\": {\"idx\": 17, \"marked\": true}}]}',6701,NULL,NULL,NULL,NULL,'2025-12-04 11:27:49'),(38,NULL,35,'kiln_studio',NULL,NULL,'mark','{\"extra\": {\"idx\": 16}, \"actions\": [{\"ts\": 1764827863027, \"type\": \"start_game\", \"payload\": {\"room\": \"kiln_studio\"}}, {\"ts\": 1764827869098, \"type\": \"mark_cell\", \"payload\": {\"idx\": 22, \"marked\": true}}, {\"ts\": 1764827869645, \"type\": \"mark_cell\", \"payload\": {\"idx\": 17, \"marked\": true}}, {\"ts\": 1764827870503, \"type\": \"mark_cell\", \"payload\": {\"idx\": 16, \"marked\": true}}]}',7559,NULL,NULL,NULL,NULL,'2025-12-04 11:27:50'),(39,NULL,35,'kiln_studio',NULL,NULL,'mark','{\"extra\": {\"idx\": 21}, \"actions\": [{\"ts\": 1764827863027, \"type\": \"start_game\", \"payload\": {\"room\": \"kiln_studio\"}}, {\"ts\": 1764827869098, \"type\": \"mark_cell\", \"payload\": {\"idx\": 22, \"marked\": true}}, {\"ts\": 1764827869645, \"type\": \"mark_cell\", \"payload\": {\"idx\": 17, \"marked\": true}}, {\"ts\": 1764827870503, \"type\": \"mark_cell\", \"payload\": {\"idx\": 16, \"marked\": true}}, {\"ts\": 1764827870954, \"type\": \"mark_cell\", \"payload\": {\"idx\": 21, \"marked\": true}}]}',8010,NULL,NULL,NULL,NULL,'2025-12-04 11:27:50'),(40,NULL,35,'kiln_studio',NULL,NULL,'mark','{\"extra\": {\"idx\": 15}, \"actions\": [{\"ts\": 1764827863027, \"type\": \"start_game\", \"payload\": {\"room\": \"kiln_studio\"}}, {\"ts\": 1764827869098, \"type\": \"mark_cell\", \"payload\": {\"idx\": 22, \"marked\": true}}, {\"ts\": 1764827869645, \"type\": \"mark_cell\", \"payload\": {\"idx\": 17, \"marked\": true}}, {\"ts\": 1764827870503, \"type\": \"mark_cell\", \"payload\": {\"idx\": 16, \"marked\": true}}, {\"ts\": 1764827870954, \"type\": \"mark_cell\", \"payload\": {\"idx\": 21, \"marked\": true}}, {\"ts\": 1764827871595, \"type\": \"mark_cell\", \"payload\": {\"idx\": 15, \"marked\": true}}]}',8651,NULL,NULL,NULL,NULL,'2025-12-04 11:27:51'),(41,NULL,35,'kiln_studio',NULL,NULL,'mark','{\"extra\": {\"idx\": 20}, \"actions\": [{\"ts\": 1764827863027, \"type\": \"start_game\", \"payload\": {\"room\": \"kiln_studio\"}}, {\"ts\": 1764827869098, \"type\": \"mark_cell\", \"payload\": {\"idx\": 22, \"marked\": true}}, {\"ts\": 1764827869645, \"type\": \"mark_cell\", \"payload\": {\"idx\": 17, \"marked\": true}}, {\"ts\": 1764827870503, \"type\": \"mark_cell\", \"payload\": {\"idx\": 16, \"marked\": true}}, {\"ts\": 1764827870954, \"type\": \"mark_cell\", \"payload\": {\"idx\": 21, \"marked\": true}}, {\"ts\": 1764827871595, \"type\": \"mark_cell\", \"payload\": {\"idx\": 15, \"marked\": true}}, {\"ts\": 1764827872065, \"type\": \"mark_cell\", \"payload\": {\"idx\": 20, \"marked\": true}}]}',9121,NULL,NULL,NULL,NULL,'2025-12-04 11:27:52'),(42,NULL,35,'kiln_studio',NULL,NULL,'mark','{\"extra\": {\"idx\": 10}, \"actions\": [{\"ts\": 1764827863027, \"type\": \"start_game\", \"payload\": {\"room\": \"kiln_studio\"}}, {\"ts\": 1764827869098, \"type\": \"mark_cell\", \"payload\": {\"idx\": 22, \"marked\": true}}, {\"ts\": 1764827869645, \"type\": \"mark_cell\", \"payload\": {\"idx\": 17, \"marked\": true}}, {\"ts\": 1764827870503, \"type\": \"mark_cell\", \"payload\": {\"idx\": 16, \"marked\": true}}, {\"ts\": 1764827870954, \"type\": \"mark_cell\", \"payload\": {\"idx\": 21, \"marked\": true}}, {\"ts\": 1764827871595, \"type\": \"mark_cell\", \"payload\": {\"idx\": 15, \"marked\": true}}, {\"ts\": 1764827872065, \"type\": \"mark_cell\", \"payload\": {\"idx\": 20, \"marked\": true}}, {\"ts\": 1764827872520, \"type\": \"mark_cell\", \"payload\": {\"idx\": 10, \"marked\": true}}]}',9576,NULL,NULL,NULL,NULL,'2025-12-04 11:27:52'),(43,NULL,35,'kiln_studio',NULL,NULL,'mark','{\"extra\": {\"idx\": 5}, \"actions\": [{\"ts\": 1764827863027, \"type\": \"start_game\", \"payload\": {\"room\": \"kiln_studio\"}}, {\"ts\": 1764827869098, \"type\": \"mark_cell\", \"payload\": {\"idx\": 22, \"marked\": true}}, {\"ts\": 1764827869645, \"type\": \"mark_cell\", \"payload\": {\"idx\": 17, \"marked\": true}}, {\"ts\": 1764827870503, \"type\": \"mark_cell\", \"payload\": {\"idx\": 16, \"marked\": true}}, {\"ts\": 1764827870954, \"type\": \"mark_cell\", \"payload\": {\"idx\": 21, \"marked\": true}}, {\"ts\": 1764827871595, \"type\": \"mark_cell\", \"payload\": {\"idx\": 15, \"marked\": true}}, {\"ts\": 1764827872065, \"type\": \"mark_cell\", \"payload\": {\"idx\": 20, \"marked\": true}}, {\"ts\": 1764827872520, \"type\": \"mark_cell\", \"payload\": {\"idx\": 10, \"marked\": true}}, {\"ts\": 1764827872895, \"type\": \"mark_cell\", \"payload\": {\"idx\": 5, \"marked\": true}}]}',9951,NULL,NULL,NULL,NULL,'2025-12-04 11:27:52'),(44,2,NULL,'kiln_studio','ongoing',NULL,NULL,NULL,NULL,'draw','2025-12-04 11:30:11','2025-12-04 11:28:45',NULL,NULL),(45,NULL,44,'kiln_studio',NULL,NULL,'mark','{\"extra\": {\"idx\": 21}, \"actions\": [{\"ts\": 1764827925960, \"type\": \"start_game\", \"payload\": {\"room\": \"kiln_studio\"}}, {\"ts\": 1764827960513, \"type\": \"mark_cell\", \"payload\": {\"idx\": 21, \"marked\": true}}]}',34636,NULL,NULL,NULL,NULL,'2025-12-04 11:29:20'),(46,2,NULL,'kiln_studio','ongoing',NULL,NULL,NULL,NULL,'draw','2025-12-04 11:30:20','2025-12-04 11:30:12',NULL,NULL),(47,NULL,46,'kiln_studio',NULL,NULL,'mark','{\"extra\": {\"idx\": 3}, \"actions\": [{\"ts\": 1764828012921, \"type\": \"start_game\", \"payload\": {\"room\": \"kiln_studio\"}}, {\"ts\": 1764828018656, \"type\": \"mark_cell\", \"payload\": {\"idx\": 3, \"marked\": true}}]}',5817,NULL,NULL,NULL,NULL,'2025-12-04 11:30:18'),(48,2,NULL,'kiln_studio','ongoing',NULL,NULL,NULL,NULL,'draw','2025-12-04 11:30:58','2025-12-04 11:30:22',NULL,NULL),(49,NULL,48,'kiln_studio',NULL,NULL,'powerup_free_mark','{\"extra\": [], \"actions\": [{\"ts\": 1764828012921, \"type\": \"start_game\", \"payload\": {\"room\": \"kiln_studio\"}}, {\"ts\": 1764828018656, \"type\": \"mark_cell\", \"payload\": {\"idx\": 3, \"marked\": true}}, {\"ts\": 1764828022699, \"type\": \"start_game\", \"payload\": {\"room\": \"kiln_studio\"}}, {\"ts\": 1764828025623, \"type\": \"powerup_free_mark\", \"payload\": []}]}',12784,NULL,NULL,NULL,NULL,'2025-12-04 11:30:25'),(50,NULL,48,'kiln_studio',NULL,NULL,'powerup_slow','{\"extra\": [], \"actions\": [{\"ts\": 1764828012921, \"type\": \"start_game\", \"payload\": {\"room\": \"kiln_studio\"}}, {\"ts\": 1764828018656, \"type\": \"mark_cell\", \"payload\": {\"idx\": 3, \"marked\": true}}, {\"ts\": 1764828022699, \"type\": \"start_game\", \"payload\": {\"room\": \"kiln_studio\"}}, {\"ts\": 1764828025623, \"type\": \"powerup_free_mark\", \"payload\": []}, {\"ts\": 1764828026257, \"type\": \"powerup_slow\", \"payload\": []}]}',13418,NULL,NULL,NULL,NULL,'2025-12-04 11:30:26'),(51,NULL,48,'kiln_studio',NULL,NULL,'powerup_free_mark','{\"extra\": [], \"actions\": [{\"ts\": 1764828012921, \"type\": \"start_game\", \"payload\": {\"room\": \"kiln_studio\"}}, {\"ts\": 1764828018656, \"type\": \"mark_cell\", \"payload\": {\"idx\": 3, \"marked\": true}}, {\"ts\": 1764828022699, \"type\": \"start_game\", \"payload\": {\"room\": \"kiln_studio\"}}, {\"ts\": 1764828025623, \"type\": \"powerup_free_mark\", \"payload\": []}, {\"ts\": 1764828026257, \"type\": \"powerup_slow\", \"payload\": []}, {\"ts\": 1764828026824, \"type\": \"powerup_free_mark\", \"payload\": []}]}',13985,NULL,NULL,NULL,NULL,'2025-12-04 11:30:26'),(52,NULL,48,'kiln_studio',NULL,NULL,'powerup_free_mark','{\"extra\": [], \"actions\": [{\"ts\": 1764828012921, \"type\": \"start_game\", \"payload\": {\"room\": \"kiln_studio\"}}, {\"ts\": 1764828018656, \"type\": \"mark_cell\", \"payload\": {\"idx\": 3, \"marked\": true}}, {\"ts\": 1764828022699, \"type\": \"start_game\", \"payload\": {\"room\": \"kiln_studio\"}}, {\"ts\": 1764828025623, \"type\": \"powerup_free_mark\", \"payload\": []}, {\"ts\": 1764828026257, \"type\": \"powerup_slow\", \"payload\": []}, {\"ts\": 1764828026824, \"type\": \"powerup_free_mark\", \"payload\": []}, {\"ts\": 1764828027015, \"type\": \"powerup_free_mark\", \"payload\": []}]}',14176,NULL,NULL,NULL,NULL,'2025-12-04 11:30:27'),(53,NULL,48,'kiln_studio',NULL,NULL,'powerup_free_mark','{\"extra\": [], \"actions\": [{\"ts\": 1764828012921, \"type\": \"start_game\", \"payload\": {\"room\": \"kiln_studio\"}}, {\"ts\": 1764828018656, \"type\": \"mark_cell\", \"payload\": {\"idx\": 3, \"marked\": true}}, {\"ts\": 1764828022699, \"type\": \"start_game\", \"payload\": {\"room\": \"kiln_studio\"}}, {\"ts\": 1764828025623, \"type\": \"powerup_free_mark\", \"payload\": []}, {\"ts\": 1764828026257, \"type\": \"powerup_slow\", \"payload\": []}, {\"ts\": 1764828026824, \"type\": \"powerup_free_mark\", \"payload\": []}, {\"ts\": 1764828027015, \"type\": \"powerup_free_mark\", \"payload\": []}, {\"ts\": 1764828027281, \"type\": \"powerup_free_mark\", \"payload\": []}]}',14442,NULL,NULL,NULL,NULL,'2025-12-04 11:30:27'),(54,NULL,48,'kiln_studio',NULL,NULL,'powerup_free_mark','{\"extra\": [], \"actions\": [{\"ts\": 1764828012921, \"type\": \"start_game\", \"payload\": {\"room\": \"kiln_studio\"}}, {\"ts\": 1764828018656, \"type\": \"mark_cell\", \"payload\": {\"idx\": 3, \"marked\": true}}, {\"ts\": 1764828022699, \"type\": \"start_game\", \"payload\": {\"room\": \"kiln_studio\"}}, {\"ts\": 1764828025623, \"type\": \"powerup_free_mark\", \"payload\": []}, {\"ts\": 1764828026257, \"type\": \"powerup_slow\", \"payload\": []}, {\"ts\": 1764828026824, \"type\": \"powerup_free_mark\", \"payload\": []}, {\"ts\": 1764828027015, \"type\": \"powerup_free_mark\", \"payload\": []}, {\"ts\": 1764828027281, \"type\": \"powerup_free_mark\", \"payload\": []}, {\"ts\": 1764828027435, \"type\": \"powerup_free_mark\", \"payload\": []}]}',14596,NULL,NULL,NULL,NULL,'2025-12-04 11:30:27'),(55,NULL,48,'kiln_studio',NULL,NULL,'powerup_free_mark','{\"extra\": [], \"actions\": [{\"ts\": 1764828012921, \"type\": \"start_game\", \"payload\": {\"room\": \"kiln_studio\"}}, {\"ts\": 1764828018656, \"type\": \"mark_cell\", \"payload\": {\"idx\": 3, \"marked\": true}}, {\"ts\": 1764828022699, \"type\": \"start_game\", \"payload\": {\"room\": \"kiln_studio\"}}, {\"ts\": 1764828025623, \"type\": \"powerup_free_mark\", \"payload\": []}, {\"ts\": 1764828026257, \"type\": \"powerup_slow\", \"payload\": []}, {\"ts\": 1764828026824, \"type\": \"powerup_free_mark\", \"payload\": []}, {\"ts\": 1764828027015, \"type\": \"powerup_free_mark\", \"payload\": []}, {\"ts\": 1764828027281, \"type\": \"powerup_free_mark\", \"payload\": []}, {\"ts\": 1764828027435, \"type\": \"powerup_free_mark\", \"payload\": []}, {\"ts\": 1764828027619, \"type\": \"powerup_free_mark\", \"payload\": []}]}',14780,NULL,NULL,NULL,NULL,'2025-12-04 11:30:27'),(56,NULL,48,'kiln_studio',NULL,NULL,'powerup_free_mark','{\"extra\": [], \"actions\": [{\"ts\": 1764828018656, \"type\": \"mark_cell\", \"payload\": {\"idx\": 3, \"marked\": true}}, {\"ts\": 1764828022699, \"type\": \"start_game\", \"payload\": {\"room\": \"kiln_studio\"}}, {\"ts\": 1764828025623, \"type\": \"powerup_free_mark\", \"payload\": []}, {\"ts\": 1764828026257, \"type\": \"powerup_slow\", \"payload\": []}, {\"ts\": 1764828026824, \"type\": \"powerup_free_mark\", \"payload\": []}, {\"ts\": 1764828027015, \"type\": \"powerup_free_mark\", \"payload\": []}, {\"ts\": 1764828027281, \"type\": \"powerup_free_mark\", \"payload\": []}, {\"ts\": 1764828027435, \"type\": \"powerup_free_mark\", \"payload\": []}, {\"ts\": 1764828027619, \"type\": \"powerup_free_mark\", \"payload\": []}, {\"ts\": 1764828027852, \"type\": \"powerup_free_mark\", \"payload\": []}]}',15013,NULL,NULL,NULL,NULL,'2025-12-04 11:30:27'),(57,NULL,48,'kiln_studio',NULL,NULL,'powerup_hint','{\"extra\": [], \"actions\": [{\"ts\": 1764828022699, \"type\": \"start_game\", \"payload\": {\"room\": \"kiln_studio\"}}, {\"ts\": 1764828025623, \"type\": \"powerup_free_mark\", \"payload\": []}, {\"ts\": 1764828026257, \"type\": \"powerup_slow\", \"payload\": []}, {\"ts\": 1764828026824, \"type\": \"powerup_free_mark\", \"payload\": []}, {\"ts\": 1764828027015, \"type\": \"powerup_free_mark\", \"payload\": []}, {\"ts\": 1764828027281, \"type\": \"powerup_free_mark\", \"payload\": []}, {\"ts\": 1764828027435, \"type\": \"powerup_free_mark\", \"payload\": []}, {\"ts\": 1764828027619, \"type\": \"powerup_free_mark\", \"payload\": []}, {\"ts\": 1764828027852, \"type\": \"powerup_free_mark\", \"payload\": []}, {\"ts\": 1764828042294, \"type\": \"powerup_hint\", \"payload\": []}]}',29455,NULL,NULL,NULL,NULL,'2025-12-04 11:30:42'),(58,NULL,48,'kiln_studio',NULL,NULL,'powerup_slow','{\"extra\": [], \"actions\": [{\"ts\": 1764828025623, \"type\": \"powerup_free_mark\", \"payload\": []}, {\"ts\": 1764828026257, \"type\": \"powerup_slow\", \"payload\": []}, {\"ts\": 1764828026824, \"type\": \"powerup_free_mark\", \"payload\": []}, {\"ts\": 1764828027015, \"type\": \"powerup_free_mark\", \"payload\": []}, {\"ts\": 1764828027281, \"type\": \"powerup_free_mark\", \"payload\": []}, {\"ts\": 1764828027435, \"type\": \"powerup_free_mark\", \"payload\": []}, {\"ts\": 1764828027619, \"type\": \"powerup_free_mark\", \"payload\": []}, {\"ts\": 1764828027852, \"type\": \"powerup_free_mark\", \"payload\": []}, {\"ts\": 1764828042294, \"type\": \"powerup_hint\", \"payload\": []}, {\"ts\": 1764828049610, \"type\": \"powerup_slow\", \"payload\": []}]}',36771,NULL,NULL,NULL,NULL,'2025-12-04 11:30:49'),(59,2,NULL,'kiln_studio','ongoing',NULL,NULL,NULL,NULL,'draw','2025-12-04 11:41:24','2025-12-04 11:30:58',NULL,NULL),(60,2,NULL,'kiln_studio','ongoing',NULL,NULL,NULL,NULL,'draw','2025-12-04 12:00:11','2025-12-04 11:41:24',NULL,NULL),(61,2,NULL,'kiln_studio','ongoing',NULL,NULL,NULL,NULL,'draw','2025-12-04 12:01:04','2025-12-04 12:00:12',NULL,NULL),(62,2,NULL,'kiln_studio','ongoing',NULL,NULL,NULL,NULL,'draw','2025-12-04 12:01:10','2025-12-04 12:01:05',NULL,NULL),(63,2,NULL,'kiln_studio','ongoing',NULL,NULL,NULL,NULL,'draw','2025-12-04 12:01:17','2025-12-04 12:01:12',NULL,NULL),(64,2,NULL,'kiln_studio','ongoing',NULL,NULL,NULL,NULL,'draw','2025-12-04 12:01:22','2025-12-04 12:01:19',NULL,NULL),(65,2,NULL,'kiln_studio','ongoing',NULL,NULL,NULL,NULL,NULL,NULL,'2025-12-04 12:01:22',NULL,NULL),(66,2,NULL,'cozy_lanterns','ongoing',NULL,NULL,NULL,NULL,'draw','2025-12-04 12:04:06','2025-12-04 12:03:58',NULL,NULL),(67,2,NULL,'cozy_lanterns','ongoing',NULL,NULL,NULL,NULL,'draw','2025-12-04 12:06:33','2025-12-04 12:04:06',NULL,NULL),(68,2,NULL,'cozy_lanterns','ongoing',NULL,NULL,NULL,NULL,'draw','2025-12-04 12:11:07','2025-12-04 12:06:34',NULL,NULL),(69,2,NULL,'cozy_lanterns','ongoing',NULL,NULL,NULL,NULL,'draw','2025-12-04 12:16:19','2025-12-04 12:11:09',NULL,NULL),(70,3,NULL,'cozy_lanterns','ongoing',NULL,NULL,NULL,NULL,'draw','2025-12-04 12:24:01','2025-12-04 12:16:29',NULL,NULL),(71,3,NULL,'cozy_lanterns','ongoing',NULL,NULL,NULL,NULL,'draw','2025-12-04 12:26:05','2025-12-04 12:24:03',NULL,NULL),(72,3,NULL,'cozy_lanterns','ongoing',NULL,NULL,NULL,NULL,'draw','2025-12-04 12:27:33','2025-12-04 12:26:07',NULL,NULL),(73,3,NULL,'cozy_lanterns','ongoing',NULL,NULL,NULL,NULL,'draw','2025-12-04 12:27:47','2025-12-04 12:27:34',NULL,NULL),(74,3,NULL,'cozy_lanterns','ongoing',NULL,NULL,NULL,NULL,'draw','2025-12-04 12:29:13','2025-12-04 12:27:48',NULL,NULL),(75,3,NULL,'cozy_lanterns','ongoing',NULL,NULL,NULL,NULL,'draw','2025-12-04 12:30:08','2025-12-04 12:29:16',NULL,NULL),(76,3,NULL,'cozy_lanterns','ongoing',NULL,NULL,NULL,NULL,'draw','2025-12-04 12:30:24','2025-12-04 12:30:08',NULL,NULL),(77,3,NULL,'kiln_studio','ongoing',NULL,NULL,NULL,NULL,'draw','2025-12-04 13:58:40','2025-12-04 12:35:04',NULL,NULL);
/*!40000 ALTER TABLE `game_logs` ENABLE KEYS */;
UNLOCK TABLES;

--
-- Table structure for table `room_history`
--

DROP TABLE IF EXISTS `room_history`;
/*!40101 SET @saved_cs_client     = @@character_set_client */;
/*!50503 SET character_set_client = utf8mb4 */;
CREATE TABLE `room_history` (
  `id` int NOT NULL AUTO_INCREMENT,
  `user_id` int NOT NULL,
  `room` varchar(32) NOT NULL,
  `game_id` int DEFAULT NULL,
  `entered_at` datetime NOT NULL,
  `left_at` datetime DEFAULT NULL,
  PRIMARY KEY (`id`)
) ENGINE=InnoDB AUTO_INCREMENT=34 DEFAULT CHARSET=utf8mb4 COLLATE=utf8mb4_0900_ai_ci;
/*!40101 SET character_set_client = @saved_cs_client */;

--
-- Dumping data for table `room_history`
--

LOCK TABLES `room_history` WRITE;
/*!40000 ALTER TABLE `room_history` DISABLE KEYS */;
INSERT INTO `room_history` VALUES (1,1,'beginner',1,'2025-12-04 10:50:45',NULL),(2,2,'beginner',2,'2025-12-04 10:51:03',NULL),(3,2,'beginner',8,'2025-12-04 10:51:10',NULL),(4,2,'beginner',24,'2025-12-04 10:51:27',NULL),(5,2,'beginner',25,'2025-12-04 10:51:28',NULL),(6,2,'beginner',26,'2025-12-04 10:51:28',NULL),(7,2,'beginner',27,'2025-12-04 10:51:29',NULL),(8,2,'beginner',28,'2025-12-04 10:56:59',NULL),(9,2,'kiln_studio',29,'2025-12-04 11:26:23',NULL),(10,2,'kiln_studio',34,'2025-12-04 11:26:47',NULL),(11,2,'kiln_studio',35,'2025-12-04 11:27:42',NULL),(12,2,'kiln_studio',44,'2025-12-04 11:28:45',NULL),(13,2,'kiln_studio',46,'2025-12-04 11:30:12',NULL),(14,2,'kiln_studio',48,'2025-12-04 11:30:22',NULL),(15,2,'kiln_studio',59,'2025-12-04 11:30:58',NULL),(16,2,'kiln_studio',60,'2025-12-04 11:41:24',NULL),(17,2,'kiln_studio',61,'2025-12-04 12:00:12',NULL),(18,2,'kiln_studio',62,'2025-12-04 12:01:05',NULL),(19,2,'kiln_studio',63,'2025-12-04 12:01:12',NULL),(20,2,'kiln_studio',64,'2025-12-04 12:01:19',NULL),(21,2,'kiln_studio',65,'2025-12-04 12:01:22',NULL),(22,2,'cozy_lanterns',66,'2025-12-04 12:03:58',NULL),(23,2,'cozy_lanterns',67,'2025-12-04 12:04:06',NULL),(24,2,'cozy_lanterns',68,'2025-12-04 12:06:34',NULL),(25,2,'cozy_lanterns',69,'2025-12-04 12:11:09',NULL),(26,3,'cozy_lanterns',70,'2025-12-04 12:16:29',NULL),(27,3,'cozy_lanterns',71,'2025-12-04 12:24:03',NULL),(28,3,'cozy_lanterns',72,'2025-12-04 12:26:07',NULL),(29,3,'cozy_lanterns',73,'2025-12-04 12:27:34',NULL),(30,3,'cozy_lanterns',74,'2025-12-04 12:27:48',NULL),(31,3,'cozy_lanterns',75,'2025-12-04 12:29:16',NULL),(32,3,'cozy_lanterns',76,'2025-12-04 12:30:08',NULL),(33,3,'kiln_studio',77,'2025-12-04 12:35:04',NULL);
/*!40000 ALTER TABLE `room_history` ENABLE KEYS */;
UNLOCK TABLES;

--
-- Table structure for table `sessions`
--

DROP TABLE IF EXISTS `sessions`;
/*!40101 SET @saved_cs_client     = @@character_set_client */;
/*!50503 SET character_set_client = utf8mb4 */;
CREATE TABLE `sessions` (
  `id` int NOT NULL AUTO_INCREMENT,
  `user_id` int NOT NULL,
  `session_token` varchar(64) NOT NULL,
  `started_at` datetime NOT NULL,
  `last_active_at` datetime NOT NULL,
  PRIMARY KEY (`id`),
  KEY `user_id` (`user_id`),
  CONSTRAINT `sessions_ibfk_1` FOREIGN KEY (`user_id`) REFERENCES `users` (`id`)
) ENGINE=InnoDB AUTO_INCREMENT=4 DEFAULT CHARSET=utf8mb4 COLLATE=utf8mb4_0900_ai_ci;
/*!40101 SET character_set_client = @saved_cs_client */;

--
-- Dumping data for table `sessions`
--

LOCK TABLES `sessions` WRITE;
/*!40000 ALTER TABLE `sessions` DISABLE KEYS */;
INSERT INTO `sessions` VALUES (1,1,'demo-token','2025-12-04 10:50:45','2025-12-04 10:50:45'),(2,2,'5cd2f2d0df723034eace949414b6ad7b','2025-12-04 10:50:51','2025-12-04 10:50:51'),(3,3,'f32b3f63ebbd102ca44839cfc6ba007b','2025-12-04 12:16:25','2025-12-04 12:16:25');
/*!40000 ALTER TABLE `sessions` ENABLE KEYS */;
UNLOCK TABLES;

--
-- Table structure for table `users`
--

DROP TABLE IF EXISTS `users`;
/*!40101 SET @saved_cs_client     = @@character_set_client */;
/*!50503 SET character_set_client = utf8mb4 */;
CREATE TABLE `users` (
  `id` int NOT NULL AUTO_INCREMENT,
  `nickname` varchar(64) NOT NULL,
  `created_at` datetime NOT NULL,
  PRIMARY KEY (`id`)
) ENGINE=InnoDB AUTO_INCREMENT=4 DEFAULT CHARSET=utf8mb4 COLLATE=utf8mb4_0900_ai_ci;
/*!40101 SET character_set_client = @saved_cs_client */;

--
-- Dumping data for table `users`
--

LOCK TABLES `users` WRITE;
/*!40000 ALTER TABLE `users` DISABLE KEYS */;
INSERT INTO `users` VALUES (1,'DemoPlayer','2025-12-04 10:50:45'),(2,'wraith','2025-12-04 10:50:51'),(3,'wraith','2025-12-04 12:16:25');
/*!40000 ALTER TABLE `users` ENABLE KEYS */;
UNLOCK TABLES;
/*!40103 SET TIME_ZONE=@OLD_TIME_ZONE */;

/*!40101 SET SQL_MODE=@OLD_SQL_MODE */;
/*!40014 SET FOREIGN_KEY_CHECKS=@OLD_FOREIGN_KEY_CHECKS */;
/*!40014 SET UNIQUE_CHECKS=@OLD_UNIQUE_CHECKS */;
/*!40101 SET CHARACTER_SET_CLIENT=@OLD_CHARACTER_SET_CLIENT */;
/*!40101 SET CHARACTER_SET_RESULTS=@OLD_CHARACTER_SET_RESULTS */;
/*!40101 SET COLLATION_CONNECTION=@OLD_COLLATION_CONNECTION */;
/*!40111 SET SQL_NOTES=@OLD_SQL_NOTES */;

-- Dump completed on 2025-12-04 14:03:11
